"","country_code","year","total","weighted"
"1","ABW",2014,5,NA
"2","ABW",2016,3,NA
"3","ABW",2017,1,NA
"4","ABW",2018,1,NA
"5","ABW",2019,4,NA
"6","AFG",1989,145,NA
"7","AFG",1990,45,NA
"8","AFG",1991,64,NA
"9","AFG",1992,76,NA
"10","AFG",1993,115,NA
"11","AFG",1994,244,NA
"12","AFG",1995,219,NA
"13","AFG",1996,234,NA
"14","AFG",1997,199,NA
"15","AFG",1998,217,NA
"16","AFG",1999,189,NA
"17","AFG",2000,207,NA
"18","AFG",2001,263,NA
"19","AFG",2002,94,NA
"20","AFG",2003,186,NA
"21","AFG",2004,241,NA
"22","AFG",2005,430,NA
"23","AFG",2006,848,NA
"24","AFG",2007,1042,NA
"25","AFG",2008,1114,NA
"26","AFG",2009,1514,NA
"27","AFG",2010,1806,NA
"28","AFG",2011,2197,NA
"29","AFG",2012,3182,NA
"30","AFG",2013,2181,NA
"31","AFG",2014,2461,NA
"32","AFG",2015,2866,NA
"33","AFG",2016,3251,NA
"34","AFG",2017,16126,NA
"35","AFG",2018,18140,NA
"36","AFG",2019,18783,NA
"37","AGO",1997,296,NA
"38","AGO",1998,568,NA
"39","AGO",1999,1582,NA
"40","AGO",2000,447,NA
"41","AGO",2001,435,NA
"42","AGO",2002,95,NA
"43","AGO",2003,42,NA
"44","AGO",2004,26,NA
"45","AGO",2005,16,NA
"46","AGO",2006,17,NA
"47","AGO",2007,36,NA
"48","AGO",2008,19,NA
"49","AGO",2009,22,NA
"50","AGO",2010,12,NA
"51","AGO",2011,22,NA
"52","AGO",2012,43,NA
"53","AGO",2013,55,NA
"54","AGO",2014,46,NA
"55","AGO",2015,79,NA
"56","AGO",2016,107,NA
"57","AGO",2017,138,NA
"58","AGO",2018,96,NA
"59","AGO",2019,82,NA
"60","AIA",2017,2,NA
"61","AIA",2018,1,NA
"62","ALB",1999,8,NA
"63","ALB",2012,44,NA
"64","ALB",2013,27,NA
"65","ALB",2014,44,NA
"66","ALB",2015,66,NA
"67","ALB",2016,59,NA
"68","ALB",2017,145,NA
"69","ALB",2018,347,NA
"70","ALB",2019,455,NA
"71","DZA",1990,1,NA
"72","DZA",1991,4,NA
"73","DZA",1992,120,NA
"74","DZA",1993,269,NA
"75","DZA",1994,350,NA
"76","DZA",1995,394,NA
"77","DZA",1996,123,NA
"78","DZA",1997,269,NA
"79","DZA",1998,431,NA
"80","DZA",1999,284,NA
"81","DZA",2000,418,NA
"82","DZA",2001,329,NA
"83","DZA",2002,486,NA
"84","DZA",2003,416,NA
"85","DZA",2004,360,NA
"86","DZA",2005,175,NA
"87","DZA",2006,286,NA
"88","DZA",2007,432,NA
"89","DZA",2008,319,NA
"90","DZA",2009,399,NA
"91","DZA",2010,215,NA
"92","DZA",2011,478,NA
"93","DZA",2012,392,NA
"94","DZA",2013,509,NA
"95","DZA",2014,478,NA
"96","DZA",2015,538,NA
"97","DZA",2016,432,NA
"98","DZA",2017,619,NA
"99","DZA",2018,678,NA
"100","DZA",2019,3019,NA
"101","AGO",1989,260,NA
"102","AGO",1990,181,NA
"103","AGO",1991,19,NA
"104","AGO",1992,38,NA
"105","AGO",1993,220,NA
"106","AGO",1994,320,NA
"107","AGO",1995,76,NA
"108","AGO",1996,28,NA
"109","ARE",2012,108,NA
"110","ARE",2013,54,NA
"111","ARE",2014,68,NA
"112","ARE",2015,100,NA
"113","ARE",2016,187,NA
"114","ARE",2017,183,NA
"115","ARE",2018,108,NA
"116","ARE",2019,94,NA
"117","ARG",1992,1,NA
"118","ARG",1994,1,NA
"119","ARG",2012,95,NA
"120","ARG",2013,81,NA
"121","ARG",2014,73,NA
"122","ARG",2015,138,NA
"123","ARG",2016,173,NA
"124","ARG",2017,152,NA
"125","ARG",2018,163,NA
"126","ARG",2019,1342,NA
"127","ARM",1992,9,NA
"128","ARM",1993,7,NA
"129","ARM",1994,1,NA
"130","ARM",1995,6,NA
"131","ARM",2005,1,NA
"132","ARM",2006,2,NA
"133","ARM",2012,192,NA
"134","ARM",2013,379,NA
"135","ARM",2014,259,NA
"136","ARM",2015,433,NA
"137","ARM",2016,370,NA
"138","ARM",2017,204,NA
"139","ARM",2018,2284,NA
"140","ARM",2019,1913,NA
"141","ASM",2016,7,NA
"142","ASM",2019,4,NA
"143","ATA",2012,5,NA
"144","ATA",2013,2,NA
"145","ATA",2014,1,NA
"146","ATA",2015,6,NA
"147","ATA",2016,5,NA
"148","ATA",2017,15,NA
"149","ATA",2018,3,NA
"150","ATA",2019,2,NA
"151","ATG",2012,1,NA
"152","ATG",2013,5,NA
"153","ATG",2016,4,NA
"154","ATG",2017,4,NA
"155","ATG",2018,3,NA
"156","ATG",2019,13,NA
"157","AUS",2018,1314,NA
"158","AUS",2012,426,NA
"159","AUS",2013,525,NA
"160","AUS",2014,828,NA
"161","AUS",2015,1216,NA
"162","AUS",2016,1529,NA
"163","AUS",2017,1442,NA
"164","AUS",2019,1455,NA
"165","AUT",2012,20,NA
"166","AUT",2013,56,NA
"167","AUT",2014,84,NA
"168","AUT",2015,158,NA
"169","AUT",2016,198,NA
"170","AUT",2017,108,NA
"171","AUT",2018,147,NA
"172","AUT",2019,117,NA
"173","AZE",1991,3,NA
"174","AZE",1992,181,NA
"175","AZE",1993,72,NA
"176","AZE",1994,58,NA
"177","AZE",1995,9,NA
"178","AZE",1996,3,NA
"179","AZE",1997,3,NA
"180","AZE",1998,4,NA
"181","AZE",1999,6,NA
"182","AZE",2000,7,NA
"183","AZE",2001,5,NA
"184","AZE",2004,3,NA
"185","AZE",2005,22,NA
"186","AZE",2006,8,NA
"187","AZE",2007,11,NA
"188","AZE",2008,7,NA
"189","AZE",2009,6,NA
"190","AZE",2010,14,NA
"191","AZE",2011,20,NA
"192","AZE",2012,223,NA
"193","AZE",2013,237,NA
"194","AZE",2014,149,NA
"195","AZE",2015,133,NA
"196","AZE",2016,264,NA
"197","AZE",2017,171,NA
"198","AZE",2018,8584,NA
"199","AZE",2019,4603,NA
"200","BHR",2011,24,NA
"201","BDI",1997,289,NA
"202","BDI",1998,186,NA
"203","BDI",1999,256,NA
"204","BDI",2000,678,NA
"205","BDI",2001,720,NA
"206","BDI",2002,633,NA
"207","BDI",2003,366,NA
"208","BDI",2004,156,NA
"209","BDI",2005,161,NA
"210","BDI",2006,160,NA
"211","BDI",2007,53,NA
"212","BDI",2008,102,NA
"213","BDI",2009,73,NA
"214","BDI",2010,101,NA
"215","BDI",2011,27,NA
"216","BDI",2012,14,NA
"217","BDI",2013,16,NA
"218","BDI",2014,77,NA
"219","BDI",2015,1756,NA
"220","BDI",2016,1066,NA
"221","BDI",2017,890,NA
"222","BDI",2018,953,NA
"223","BDI",2019,747,NA
"224","BEL",2012,116,NA
"225","BEL",2013,86,NA
"226","BEL",2014,147,NA
"227","BEL",2015,162,NA
"228","BEL",2016,305,NA
"229","BEL",2017,245,NA
"230","BEL",2018,391,NA
"231","BEL",2019,332,NA
"232","BEN",1997,2,NA
"233","BEN",1998,3,NA
"234","BEN",1999,2,NA
"235","BEN",2000,1,NA
"236","BEN",2001,3,NA
"237","BEN",2002,1,NA
"238","BEN",2003,2,NA
"239","BEN",2004,2,NA
"240","BEN",2005,2,NA
"241","BEN",2006,1,NA
"242","BEN",2007,3,NA
"243","BEN",2008,1,NA
"244","BEN",2009,2,NA
"245","BEN",2010,9,NA
"246","BEN",2011,7,NA
"247","BEN",2012,23,NA
"248","BEN",2013,15,NA
"249","BEN",2014,29,NA
"250","BEN",2015,58,NA
"251","BEN",2016,81,NA
"252","BEN",2017,85,NA
"253","BEN",2018,103,NA
"254","BEN",2019,132,NA
"255","BFA",1997,4,NA
"256","BFA",1998,3,NA
"257","BFA",1999,31,NA
"258","BFA",2000,22,NA
"259","BFA",2001,4,NA
"260","BFA",2002,6,NA
"261","BFA",2003,1,NA
"262","BFA",2004,4,NA
"263","BFA",2005,6,NA
"264","BFA",2006,8,NA
"265","BFA",2007,1,NA
"266","BFA",2008,12,NA
"267","BFA",2009,1,NA
"268","BFA",2010,4,NA
"269","BFA",2011,129,NA
"270","BFA",2012,76,NA
"271","BFA",2013,43,NA
"272","BFA",2014,228,NA
"273","BFA",2015,184,NA
"274","BFA",2016,144,NA
"275","BFA",2017,241,NA
"276","BFA",2018,423,NA
"277","BFA",2019,1014,NA
"278","BGD",2010,2546,NA
"279","BGD",2011,2282,NA
"280","BGD",2012,2226,NA
"281","BGD",2013,3341,NA
"282","BGD",2014,1561,NA
"283","BGD",2015,2572,NA
"284","BGD",2016,1769,NA
"285","BGD",2017,1329,NA
"286","BGD",2018,2228,NA
"287","BGD",2019,2604,NA
"288","BGR",2012,119,NA
"289","BGR",2013,607,NA
"290","BGR",2014,248,NA
"291","BGR",2015,154,NA
"292","BGR",2016,147,NA
"293","BGR",2017,86,NA
"294","BGR",2018,471,NA
"295","BGR",2019,434,NA
"296","BHR",2012,886,NA
"297","BHR",2013,310,NA
"298","BHR",2014,312,NA
"299","BHR",2015,286,NA
"300","BHR",2016,3378,NA
"301","BHR",2017,4148,NA
"302","BHR",2018,1818,NA
"303","BHR",2019,799,NA
"304","BHS",2012,21,NA
"305","BHS",2013,25,NA
"306","BHS",2014,21,NA
"307","BHS",2015,25,NA
"308","BHS",2016,47,NA
"309","BHS",2017,27,NA
"310","BHS",2018,42,NA
"311","BHS",2019,54,NA
"312","BTN",1997,1,NA
"313","BTN",2004,1,NA
"314","BIH",2012,14,NA
"315","BIH",2013,9,NA
"316","BIH",2014,55,NA
"317","BIH",2015,19,NA
"318","BIH",2016,30,NA
"319","BIH",2017,23,NA
"320","BIH",2018,300,NA
"321","BIH",2019,200,NA
"322","BLR",2012,126,NA
"323","BLR",2013,38,NA
"324","BLR",2014,60,NA
"325","BLR",2015,145,NA
"326","BLR",2016,128,NA
"327","BLR",2017,356,NA
"328","BLR",2018,176,NA
"329","BLR",2019,264,NA
"330","BLZ",2012,6,NA
"331","BLZ",2013,5,NA
"332","BLZ",2014,11,NA
"333","BLZ",2015,14,NA
"334","BLZ",2016,17,NA
"335","BLZ",2017,31,NA
"336","BLZ",2018,26,NA
"337","BLZ",2019,89,NA
"338","BMU",2012,6,NA
"339","BMU",2014,4,NA
"340","BMU",2015,6,NA
"341","BMU",2016,18,NA
"342","BMU",2017,9,NA
"343","BMU",2018,7,NA
"344","BMU",2019,8,NA
"345","BGD",1989,20,NA
"346","BGD",1990,27,NA
"347","BGD",1991,36,NA
"348","BGD",1992,29,NA
"349","BGD",1993,18,NA
"350","BGD",1994,6,NA
"351","BGD",1995,13,NA
"352","BGD",1996,23,NA
"353","BGD",1997,11,NA
"354","BGD",1998,11,NA
"355","BGD",1999,18,NA
"356","BGD",2000,8,NA
"357","BGD",2001,27,NA
"358","BGD",2002,4,NA
"359","BGD",2003,15,NA
"360","BGD",2004,37,NA
"361","BGD",2005,66,NA
"362","BGD",2006,74,NA
"363","BGD",2007,13,NA
"364","BGD",2008,11,NA
"365","BGD",2009,9,NA
"366","BOL",1998,1,NA
"367","BOL",2000,9,NA
"368","BOL",2012,33,NA
"369","BOL",2013,97,NA
"370","BOL",2014,26,NA
"371","BOL",2015,43,NA
"372","BOL",2016,48,NA
"373","BOL",2017,44,NA
"374","BOL",2018,65,NA
"375","BOL",2019,848,NA
"376","BIH",1992,375,NA
"377","BIH",1993,613,NA
"378","BIH",1994,443,NA
"379","BIH",1995,433,NA
"380","BWA",1990,1,NA
"381","BRA",1993,4,NA
"382","BRA",1994,6,NA
"383","BRA",1995,8,NA
"384","BRA",1996,3,NA
"385","BRA",1997,10,NA
"386","BRA",1998,3,NA
"387","BRA",1999,12,NA
"388","BRA",2000,11,NA
"389","BRA",2001,10,NA
"390","BRA",2002,17,NA
"391","BRA",2003,7,NA
"392","BRA",2004,12,NA
"393","BRA",2005,16,NA
"394","BRA",2006,3,NA
"395","BRA",2007,9,NA
"396","BRA",2008,5,NA
"397","BRA",2009,3,NA
"398","BRA",2010,2,NA
"399","BRA",2011,3,NA
"400","BRA",2012,63,NA
"401","BRA",2013,266,NA
"402","BRA",2014,67,NA
"403","BRA",2015,225,NA
"404","BRA",2016,639,NA
"405","BRA",2017,467,NA
"406","BRA",2018,453,NA
"407","BRA",2019,11002,NA
"408","BRB",2012,2,NA
"409","BRB",2013,3,NA
"410","BRB",2014,4,NA
"411","BRB",2015,13,NA
"412","BRB",2016,14,NA
"413","BRB",2017,32,NA
"414","BRB",2018,11,NA
"415","BRB",2019,11,NA
"416","BRN",2012,17,NA
"417","BRN",2013,5,NA
"418","BRN",2014,28,NA
"419","BRN",2015,27,NA
"420","BRN",2016,60,NA
"421","BRN",2017,18,NA
"422","BRN",2018,25,NA
"423","BRN",2019,51,NA
"424","BTN",2012,1,NA
"425","BTN",2013,2,NA
"426","BTN",2014,8,NA
"427","BTN",2016,11,NA
"428","BTN",2017,18,NA
"429","BTN",2018,3,NA
"430","BTN",2019,5,NA
"431","BDI",1990,1,NA
"432","BDI",1991,10,NA
"433","BDI",1992,3,NA
"434","BDI",1993,5,NA
"435","BDI",1994,24,NA
"436","BDI",1995,90,NA
"437","BDI",1996,83,NA
"438","BWA",1997,1,NA
"439","BWA",1998,1,NA
"440","BWA",2000,1,NA
"441","BWA",2003,1,NA
"442","BWA",2004,6,NA
"443","BWA",2005,3,NA
"444","BWA",2006,2,NA
"445","BWA",2007,2,NA
"446","BWA",2008,2,NA
"447","BWA",2009,2,NA
"448","BWA",2010,1,NA
"449","BWA",2011,3,NA
"450","BWA",2012,4,NA
"451","BWA",2013,5,NA
"452","BWA",2014,10,NA
"453","BWA",2015,6,NA
"454","BWA",2016,25,NA
"455","BWA",2017,15,NA
"456","BWA",2018,33,NA
"457","BWA",2019,38,NA
"458","CAF",1997,37,NA
"459","CAF",1998,16,NA
"460","CAF",1999,13,NA
"461","CAF",2000,15,NA
"462","CAF",2001,57,NA
"463","CAF",2002,77,NA
"464","CAF",2003,69,NA
"465","CAF",2004,35,NA
"466","CAF",2005,24,NA
"467","CAF",2006,96,NA
"468","CAF",2007,118,NA
"469","CAF",2008,88,NA
"470","CAF",2009,157,NA
"471","CAF",2010,201,NA
"472","CAF",2011,85,NA
"473","CAF",2012,163,NA
"474","CAF",2013,692,NA
"475","CAF",2014,1492,NA
"476","CAF",2015,524,NA
"477","CAF",2016,376,NA
"478","CAF",2017,624,NA
"479","CAF",2018,607,NA
"480","CAF",2019,294,NA
"481","KHM",1989,43,NA
"482","KHM",1990,25,NA
"483","KHM",1991,18,NA
"484","KHM",1992,17,NA
"485","KHM",1993,82,NA
"486","KHM",1994,73,NA
"487","KHM",1995,100,NA
"488","KHM",1996,89,NA
"489","KHM",1997,50,NA
"490","KHM",1998,35,NA
"491","KHM",1999,1,NA
"492","KHM",2000,4,NA
"493","KHM",2003,1,NA
"494","KHM",2007,1,NA
"495","KHM",2008,1,NA
"496","KHM",2009,1,NA
"497","KHM",2011,224,NA
"498","KHM",2012,254,NA
"499","CAN",1994,3,NA
"500","CAN",1995,9,NA
"501","CAN",1996,1,NA
"502","CAN",1997,1,NA
"503","CAN",1998,9,NA
"504","CAN",1999,3,NA
"505","CAN",2000,8,NA
"506","CAN",2001,1,NA
"507","CAN",2012,886,NA
"508","CAN",2013,817,NA
"509","CAN",2014,769,NA
"510","CAN",2015,1371,NA
"511","CAN",2016,1590,NA
"512","CAN",2017,1530,NA
"513","CAN",2018,1668,NA
"514","CAN",2019,1656,NA
"515","CMR",1990,1,NA
"516","CMR",1991,1,NA
"517","CMR",1992,3,NA
"518","CMR",1993,5,NA
"519","CMR",1994,7,NA
"520","CMR",1996,3,NA
"521","CMR",1998,10,NA
"522","CMR",2000,12,NA
"523","CMR",2001,7,NA
"524","CMR",2004,15,NA
"525","CMR",2005,21,NA
"526","CMR",2008,24,NA
"527","CMR",2009,18,NA
"528","CMR",2013,57,NA
"529","CMR",2014,177,NA
"530","CMR",2015,219,NA
"531","CMR",2016,446,NA
"532","CMR",2017,590,NA
"533","CMR",2018,964,NA
"534","CMR",2019,1036,NA
"535","CIV",1990,2,NA
"536","CIV",1991,1,NA
"537","CIV",1993,1,NA
"538","CIV",1994,1,NA
"539","CIV",1995,2,NA
"540","CIV",1996,2,NA
"541","CIV",1998,15,NA
"542","CIV",1999,73,NA
"543","CIV",2000,138,NA
"544","CIV",2001,34,NA
"545","CIV",2002,180,NA
"546","CIV",2003,208,NA
"547","CIV",2004,129,NA
"548","CIV",2005,64,NA
"549","CIV",2006,35,NA
"550","CIV",2007,9,NA
"551","CIV",2008,26,NA
"552","CIV",2009,6,NA
"553","CIV",2010,144,NA
"554","CIV",2011,386,NA
"555","CIV",2012,82,NA
"556","CIV",2013,108,NA
"557","CIV",2016,116,NA
"558","CAF",1991,1,NA
"559","CAF",1992,1,NA
"560","CAF",1993,3,NA
"561","TCD",1989,3,NA
"562","TCD",1990,19,NA
"563","TCD",1991,6,NA
"564","TCD",1992,31,NA
"565","TCD",1993,15,NA
"566","TCD",1994,17,NA
"567","TCD",1995,17,NA
"568","TCD",1996,3,NA
"569","TCD",1997,21,NA
"570","TCD",1998,21,NA
"571","TCD",1999,22,NA
"572","TCD",2000,34,NA
"573","TCD",2001,16,NA
"574","TCD",2002,24,NA
"575","TCD",2003,22,NA
"576","TCD",2004,54,NA
"577","TCD",2005,47,NA
"578","TCD",2006,172,NA
"579","TCD",2007,121,NA
"580","TCD",2008,88,NA
"581","TCD",2009,35,NA
"582","TCD",2010,9,NA
"583","TCD",2014,60,NA
"584","TCD",2015,89,NA
"585","TCD",2016,87,NA
"586","TCD",2017,45,NA
"587","TCD",2018,106,NA
"588","TCD",2019,213,NA
"589","CHE",2012,84,NA
"590","CHE",2013,103,NA
"591","CHE",2014,161,NA
"592","CHE",2015,202,NA
"593","CHE",2016,331,NA
"594","CHE",2017,277,NA
"595","CHE",2018,329,NA
"596","CHE",2019,297,NA
"597","CHL",2012,133,NA
"598","CHL",2013,92,NA
"599","CHL",2014,105,NA
"600","CHL",2015,118,NA
"601","CHL",2016,99,NA
"602","CHL",2017,107,NA
"603","CHL",2018,117,NA
"604","CHL",2019,3136,NA
"605","CHN",1989,3,NA
"606","CHN",1990,3,NA
"607","CHN",1997,2,NA
"608","CHN",1999,3,NA
"609","CHN",2005,2,NA
"610","CHN",2007,1,NA
"611","CHN",2008,16,NA
"612","CHN",2009,5,NA
"613","CHN",2012,2092,NA
"614","CHN",2013,979,NA
"615","CHN",2014,2263,NA
"616","CHN",2015,2220,NA
"617","CHN",2016,2858,NA
"618","CHN",2017,2159,NA
"619","CHN",2018,2075,NA
"620","CHN",2019,6085,NA
"621","CIV",1997,14,NA
"622","CIV",2014,118,NA
"623","CIV",2015,108,NA
"624","CIV",2017,182,NA
"625","CIV",2018,84,NA
"626","CIV",2019,233,NA
"627","CMR",1997,14,NA
"628","CMR",1999,2,NA
"629","CMR",2002,2,NA
"630","CMR",2003,4,NA
"631","CMR",2006,6,NA
"632","CMR",2007,20,NA
"633","CMR",2010,14,NA
"634","CMR",2011,12,NA
"635","CMR",2012,17,NA
"636","COD",1997,312,NA
"637","COD",1998,373,NA
"638","COD",1999,616,NA
"639","COD",2000,318,NA
"640","COD",2001,339,NA
"641","COD",2002,449,NA
"642","COD",2003,360,NA
"643","COD",2004,244,NA
"644","COD",2005,290,NA
"645","COD",2006,385,NA
"646","COD",2007,342,NA
"647","COD",2008,514,NA
"648","COD",2009,1179,NA
"649","COD",2010,385,NA
"650","COD",2011,896,NA
"651","COD",2012,1018,NA
"652","COD",2013,905,NA
"653","COD",2014,1061,NA
"654","COD",2015,944,NA
"655","COD",2016,1211,NA
"656","COD",2017,1499,NA
"657","COD",2018,2168,NA
"658","COD",2019,2853,NA
"659","COG",1997,139,NA
"660","COG",1998,92,NA
"661","COG",1999,116,NA
"662","COG",2000,6,NA
"663","COG",2001,6,NA
"664","COG",2002,66,NA
"665","COG",2003,9,NA
"666","COG",2004,7,NA
"667","COG",2005,15,NA
"668","COG",2006,1,NA
"669","COG",2007,4,NA
"670","COG",2009,7,NA
"671","COG",2012,35,NA
"672","COG",2013,32,NA
"673","COG",2014,26,NA
"674","COG",2015,115,NA
"675","COG",2016,246,NA
"676","COG",2017,111,NA
"677","COG",2018,157,NA
"678","COG",2019,85,NA
"679","COK",2015,2,NA
"680","COK",2016,4,NA
"681","COK",2018,3,NA
"682","COK",2019,1,NA
"683","COL",1989,53,NA
"684","COL",1990,100,NA
"685","COL",1991,128,NA
"686","COL",1992,103,NA
"687","COL",1993,47,NA
"688","COL",1994,70,NA
"689","COL",1995,77,NA
"690","COL",1996,150,NA
"691","COL",1997,181,NA
"692","COL",1998,145,NA
"693","COL",1999,206,NA
"694","COL",2000,338,NA
"695","COL",2001,346,NA
"696","COL",2002,499,NA
"697","COL",2003,243,NA
"698","COL",2004,660,NA
"699","COL",2005,536,NA
"700","COL",2006,119,NA
"701","COL",2007,100,NA
"702","COL",2008,76,NA
"703","COL",2009,83,NA
"704","COL",2010,88,NA
"705","COL",2011,60,NA
"706","COL",2012,71,NA
"707","COL",2013,97,NA
"708","COL",2014,125,NA
"709","COL",2015,98,NA
"710","COL",2016,123,NA
"711","COL",2017,147,NA
"712","COL",2018,142,NA
"713","COL",2019,1975,NA
"714","COM",1989,2,NA
"715","COM",1997,2,NA
"716","COM",1998,3,NA
"717","COM",2013,1,NA
"718","COM",2015,2,NA
"719","COM",2016,1,NA
"720","COM",2017,1,NA
"721","COM",2018,6,NA
"722","COM",2019,4,NA
"723","COG",1992,1,NA
"724","COG",1993,10,NA
"725","COG",1994,8,NA
"726","COG",1995,1,NA
"727","COG",1996,2,NA
"728","COG",2008,1,NA
"729","COG",2011,1,NA
"730","CPV",2016,1,NA
"731","CPV",2017,3,NA
"732","CRI",2012,6,NA
"733","CRI",2013,17,NA
"734","CRI",2014,7,NA
"735","CRI",2015,24,NA
"736","CRI",2016,19,NA
"737","CRI",2017,22,NA
"738","CRI",2018,38,NA
"739","CRI",2019,299,NA
"740","HRV",1992,33,NA
"741","HRV",1993,55,NA
"742","HRV",1995,69,NA
"743","CUB",2012,151,NA
"744","CUB",2013,188,NA
"745","CUB",2014,194,NA
"746","CUB",2015,219,NA
"747","CUB",2016,314,NA
"748","CUB",2017,160,NA
"749","CUB",2018,125,NA
"750","CUB",2019,173,NA
"751","CUW",2019,9,NA
"752","CXR",2014,7,NA
"753","CXR",2015,5,NA
"754","CXR",2019,1,NA
"755","CYM",2012,2,NA
"756","CYM",2015,2,NA
"757","CYM",2016,2,NA
"758","CYM",2017,5,NA
"759","CYM",2018,1,NA
"760","CYM",2019,2,NA
"761","CYP",2012,26,NA
"762","CYP",2013,78,NA
"763","CYP",2014,73,NA
"764","CYP",2015,52,NA
"765","CYP",2016,65,NA
"766","CYP",2017,51,NA
"767","CYP",2018,159,NA
"768","CYP",2019,235,NA
"769","CZE",2012,88,NA
"770","CZE",2013,50,NA
"771","CZE",2014,104,NA
"772","CZE",2015,124,NA
"773","CZE",2016,117,NA
"774","CZE",2017,86,NA
"775","CZE",2018,131,NA
"776","CZE",2019,138,NA
"777","DEU",2012,531,NA
"778","DEU",2013,436,NA
"779","DEU",2014,702,NA
"780","DEU",2015,1292,NA
"781","DEU",2016,1437,NA
"782","DEU",2017,1359,NA
"783","DEU",2018,1286,NA
"784","DEU",2019,1054,NA
"785","DJI",1989,1,NA
"786","DJI",1990,1,NA
"787","DJI",1991,7,NA
"788","DJI",1992,10,NA
"789","DJI",1993,8,NA
"790","DJI",1994,3,NA
"791","DJI",1995,3,NA
"792","DJI",1997,2,NA
"793","DJI",1998,4,NA
"794","DJI",1999,15,NA
"795","DJI",2000,1,NA
"796","DJI",2001,1,NA
"797","DJI",2002,1,NA
"798","DJI",2003,1,NA
"799","DJI",2004,1,NA
"800","DJI",2005,2,NA
"801","DJI",2006,3,NA
"802","DJI",2007,1,NA
"803","DJI",2008,4,NA
"804","DJI",2009,6,NA
"805","DJI",2010,10,NA
"806","DJI",2011,6,NA
"807","DJI",2012,7,NA
"808","DJI",2013,23,NA
"809","DJI",2014,29,NA
"810","DJI",2015,20,NA
"811","DJI",2016,103,NA
"812","DJI",2017,27,NA
"813","DJI",2018,18,NA
"814","DJI",2019,28,NA
"815","DMA",2012,1,NA
"816","DMA",2015,4,NA
"817","DMA",2016,2,NA
"818","DMA",2017,11,NA
"819","DMA",2018,2,NA
"820","DMA",2019,22,NA
"821","DNK",2012,100,NA
"822","DNK",2013,44,NA
"823","DNK",2014,50,NA
"824","DNK",2015,111,NA
"825","DNK",2016,112,NA
"826","DNK",2017,68,NA
"827","DNK",2018,78,NA
"828","DNK",2019,84,NA
"829","DOM",2012,9,NA
"830","DOM",2013,9,NA
"831","DOM",2014,21,NA
"832","DOM",2015,14,NA
"833","DOM",2016,19,NA
"834","DOM",2017,11,NA
"835","DOM",2018,13,NA
"836","DOM",2019,50,NA
"837","COD",1989,3,NA
"838","COD",1990,4,NA
"839","COD",1991,8,NA
"840","COD",1992,11,NA
"841","COD",1993,20,NA
"842","COD",1994,14,NA
"843","COD",1995,15,NA
"844","COD",1996,209,NA
"845","ECU",1995,4,NA
"846","ECU",2001,1,NA
"847","ECU",2003,1,NA
"848","ECU",2008,1,NA
"849","ECU",2012,31,NA
"850","ECU",2013,28,NA
"851","ECU",2014,18,NA
"852","ECU",2015,91,NA
"853","ECU",2016,49,NA
"854","ECU",2017,27,NA
"855","ECU",2018,40,NA
"856","ECU",2019,568,NA
"857","EGY",1990,4,NA
"858","EGY",1992,10,NA
"859","EGY",1993,86,NA
"860","EGY",1994,152,NA
"861","EGY",1995,236,NA
"862","EGY",1996,150,NA
"863","EGY",1997,108,NA
"864","EGY",1998,38,NA
"865","EGY",1999,14,NA
"866","EGY",2000,56,NA
"867","EGY",2001,26,NA
"868","EGY",2002,50,NA
"869","EGY",2003,2,NA
"870","EGY",2004,7,NA
"871","EGY",2005,51,NA
"872","EGY",2006,8,NA
"873","EGY",2007,3,NA
"874","EGY",2008,85,NA
"875","EGY",2009,53,NA
"876","EGY",2010,122,NA
"877","EGY",2011,1461,NA
"878","EGY",2012,2454,NA
"879","EGY",2013,5950,NA
"880","EGY",2014,3627,NA
"881","EGY",2015,2801,NA
"882","EGY",2016,2338,NA
"883","EGY",2017,1616,NA
"884","EGY",2018,1299,NA
"885","EGY",2019,1582,NA
"886","ERI",1993,1,NA
"887","ERI",1996,2,NA
"888","ERI",1997,11,NA
"889","ERI",1998,61,NA
"890","ERI",1999,162,NA
"891","ERI",2000,73,NA
"892","ERI",2001,3,NA
"893","ERI",2002,1,NA
"894","ERI",2003,16,NA
"895","ERI",2004,5,NA
"896","ERI",2005,2,NA
"897","ERI",2006,3,NA
"898","ERI",2007,4,NA
"899","ERI",2008,16,NA
"900","ERI",2009,7,NA
"901","ERI",2010,3,NA
"902","ERI",2011,4,NA
"903","ERI",2012,16,NA
"904","ERI",2013,11,NA
"905","ERI",2014,24,NA
"906","ERI",2015,26,NA
"907","ERI",2016,44,NA
"908","ERI",2017,40,NA
"909","ERI",2018,44,NA
"910","ERI",2019,18,NA
"911","ESH",2012,4,NA
"912","ESH",2013,12,NA
"913","ESH",2014,11,NA
"914","ESH",2015,18,NA
"915","ESH",2016,21,NA
"916","ESH",2017,18,NA
"917","ESH",2018,11,NA
"918","ESH",2019,4,NA
"919","ESP",2012,706,NA
"920","ESP",2013,423,NA
"921","ESP",2014,486,NA
"922","ESP",2015,459,NA
"923","ESP",2016,471,NA
"924","ESP",2017,889,NA
"925","ESP",2018,732,NA
"926","ESP",2019,720,NA
"927","EST",2012,8,NA
"928","EST",2013,3,NA
"929","EST",2014,11,NA
"930","EST",2015,16,NA
"931","EST",2016,14,NA
"932","EST",2017,28,NA
"933","EST",2018,35,NA
"934","EST",2019,24,NA
"935","ETH",1989,144,NA
"936","ETH",1990,220,NA
"937","ETH",1991,88,NA
"938","ETH",1992,32,NA
"939","ETH",1993,26,NA
"940","ETH",1994,10,NA
"941","ETH",1995,18,NA
"942","ETH",1996,10,NA
"943","ETH",1997,29,NA
"944","ETH",1998,92,NA
"945","ETH",1999,155,NA
"946","ETH",2000,276,NA
"947","ETH",2001,159,NA
"948","ETH",2002,482,NA
"949","ETH",2003,254,NA
"950","ETH",2004,376,NA
"951","ETH",2005,306,NA
"952","ETH",2006,292,NA
"953","ETH",2007,330,NA
"954","ETH",2008,278,NA
"955","ETH",2009,271,NA
"956","ETH",2010,377,NA
"957","ETH",2011,263,NA
"958","ETH",2012,409,NA
"959","ETH",2013,346,NA
"960","ETH",2014,255,NA
"961","ETH",2015,858,NA
"962","ETH",2016,2264,NA
"963","ETH",2017,750,NA
"964","ETH",2018,1248,NA
"965","ETH",2019,613,NA
"966","FIN",2012,12,NA
"967","FIN",2013,22,NA
"968","FIN",2014,24,NA
"969","FIN",2015,82,NA
"970","FIN",2016,66,NA
"971","FIN",2017,35,NA
"972","FIN",2018,70,NA
"973","FIN",2019,59,NA
"974","FJI",2012,7,NA
"975","FJI",2013,15,NA
"976","FJI",2014,7,NA
"977","FJI",2015,12,NA
"978","FJI",2016,8,NA
"979","FJI",2017,27,NA
"980","FJI",2018,13,NA
"981","FJI",2019,12,NA
"982","FRA",2012,694,NA
"983","FRA",2013,970,NA
"984","FRA",2014,1260,NA
"985","FRA",2015,1898,NA
"986","FRA",2016,1902,NA
"987","FRA",2017,1646,NA
"988","FRA",2018,1896,NA
"989","FRA",2019,2142,NA
"990","FRA",1992,2,NA
"991","FRA",1995,2,NA
"992","FRA",1996,2,NA
"993","FRA",2007,2,NA
"994","FRO",2014,1,NA
"995","FSM",2012,28,NA
"996","FSM",2013,13,NA
"997","FSM",2014,26,NA
"998","FSM",2015,2,NA
"999","FSM",2016,2,NA
"1000","GAB",1997,1,NA
"1001","GAB",1998,2,NA
"1002","GAB",1999,3,NA
"1003","GAB",2000,2,NA
"1004","GAB",2001,4,NA
"1005","GAB",2002,1,NA
"1006","GAB",2004,3,NA
"1007","GAB",2005,1,NA
"1008","GAB",2006,4,NA
"1009","GAB",2008,2,NA
"1010","GAB",2009,5,NA
"1011","GAB",2010,3,NA
"1012","GAB",2011,3,NA
"1013","GAB",2012,10,NA
"1014","GAB",2013,21,NA
"1015","GAB",2014,17,NA
"1016","GAB",2015,26,NA
"1017","GAB",2016,109,NA
"1018","GAB",2017,31,NA
"1019","GAB",2018,37,NA
"1020","GAB",2019,55,NA
"1021","GMB",1996,1,NA
"1022","GMB",2004,6,NA
"1023","GMB",2005,6,NA
"1024","GMB",2012,13,NA
"1025","GBR",2012,1510,NA
"1026","GBR",2013,1625,NA
"1027","GBR",2014,2191,NA
"1028","GBR",2015,3412,NA
"1029","GBR",2016,4024,NA
"1030","GBR",2017,3821,NA
"1031","GBR",2018,3856,NA
"1032","GBR",2019,4758,NA
"1033","GEO",2012,81,NA
"1034","GEO",2013,98,NA
"1035","GEO",2014,70,NA
"1036","GEO",2015,42,NA
"1037","GEO",2016,78,NA
"1038","GEO",2017,93,NA
"1039","GEO",2018,873,NA
"1040","GEO",2019,1102,NA
"1041","GFR",1989,2,NA
"1042","GFR",1990,1,NA
"1043","GFR",1992,1,NA
"1044","GFR",2016,1,NA
"1045","GGY",2012,1,NA
"1046","GGY",2015,9,NA
"1047","GGY",2016,6,NA
"1048","GGY",2017,6,NA
"1049","GGY",2018,10,NA
"1050","GGY",2019,7,NA
"1051","GHA",1991,2,NA
"1052","GHA",1992,2,NA
"1053","GHA",1993,1,NA
"1054","GHA",1994,9,NA
"1055","GHA",1995,8,NA
"1056","GHA",1997,5,NA
"1057","GHA",1998,4,NA
"1058","GHA",1999,2,NA
"1059","GHA",2000,11,NA
"1060","GHA",2001,9,NA
"1061","GHA",2002,8,NA
"1062","GHA",2003,16,NA
"1063","GHA",2004,7,NA
"1064","GHA",2005,3,NA
"1065","GHA",2006,3,NA
"1066","GHA",2007,5,NA
"1067","GHA",2008,21,NA
"1068","GHA",2009,19,NA
"1069","GHA",2010,14,NA
"1070","GHA",2011,9,NA
"1071","GHA",2012,110,NA
"1072","GHA",2013,141,NA
"1073","GHA",2014,181,NA
"1074","GHA",2015,351,NA
"1075","GHA",2016,477,NA
"1076","GHA",2017,421,NA
"1077","GHA",2018,480,NA
"1078","GHA",2019,477,NA
"1079","GIB",2012,12,NA
"1080","GIB",2013,14,NA
"1081","GIB",2014,6,NA
"1082","GIB",2015,5,NA
"1083","GIB",2016,7,NA
"1084","GIB",2017,8,NA
"1085","GIB",2018,4,NA
"1086","GIB",2019,9,NA
"1087","GIN",1998,32,NA
"1088","GIN",1999,39,NA
"1089","GIN",2000,184,NA
"1090","GIN",2001,73,NA
"1091","GIN",2002,11,NA
"1092","GIN",2003,8,NA
"1093","GIN",2004,10,NA
"1094","GIN",2005,15,NA
"1095","GIN",2006,12,NA
"1096","GIN",2007,66,NA
"1097","GIN",2008,15,NA
"1098","GIN",2009,41,NA
"1099","GIN",2010,23,NA
"1100","GIN",2011,10,NA
"1101","GIN",2012,58,NA
"1102","GIN",2013,116,NA
"1103","GIN",2014,58,NA
"1104","GIN",2015,119,NA
"1105","GIN",2016,69,NA
"1106","GIN",2017,109,NA
"1107","GIN",2018,166,NA
"1108","GIN",2019,268,NA
"1109","GLP",2013,1,NA
"1110","GLP",2017,1,NA
"1111","GLP",2019,10,NA
"1112","GMB",1997,3,NA
"1113","GMB",1998,1,NA
"1114","GMB",1999,1,NA
"1115","GMB",2000,9,NA
"1116","GMB",2001,15,NA
"1117","GMB",2002,13,NA
"1118","GMB",2003,13,NA
"1119","GMB",2006,5,NA
"1120","GMB",2007,2,NA
"1121","GMB",2008,3,NA
"1122","GMB",2009,4,NA
"1123","GMB",2010,2,NA
"1124","GMB",2011,2,NA
"1125","GMB",2013,7,NA
"1126","GMB",2014,19,NA
"1127","GMB",2015,42,NA
"1128","GMB",2016,131,NA
"1129","GMB",2017,126,NA
"1130","GMB",2018,64,NA
"1131","GMB",2019,51,NA
"1132","GNB",1992,1,NA
"1133","GNB",1997,2,NA
"1134","GNB",1998,80,NA
"1135","GNB",1999,21,NA
"1136","GNB",2000,10,NA
"1137","GNB",2001,2,NA
"1138","GNB",2002,2,NA
"1139","GNB",2003,5,NA
"1140","GNB",2004,4,NA
"1141","GNB",2005,13,NA
"1142","GNB",2006,20,NA
"1143","GNB",2007,2,NA
"1144","GNB",2008,2,NA
"1145","GNB",2009,8,NA
"1146","GNB",2010,3,NA
"1147","GNB",2011,6,NA
"1148","GNB",2012,17,NA
"1149","GNB",2013,8,NA
"1150","GNB",2014,4,NA
"1151","GNB",2015,2,NA
"1152","GNB",2016,12,NA
"1153","GNB",2017,15,NA
"1154","GNB",2018,11,NA
"1155","GNB",2019,19,NA
"1156","GNQ",1997,3,NA
"1157","GNQ",1998,2,NA
"1158","GNQ",2000,2,NA
"1159","GNQ",2001,1,NA
"1160","GNQ",2002,1,NA
"1161","GNQ",2003,1,NA
"1162","GNQ",2004,3,NA
"1163","GNQ",2005,2,NA
"1164","GNQ",2006,1,NA
"1165","GNQ",2007,2,NA
"1166","GNQ",2008,2,NA
"1167","GNQ",2009,5,NA
"1168","GNQ",2010,1,NA
"1169","GNQ",2011,1,NA
"1170","GNQ",2012,4,NA
"1171","GNQ",2013,1,NA
"1172","GNQ",2014,5,NA
"1173","GNQ",2015,4,NA
"1174","GNQ",2016,14,NA
"1175","GNQ",2017,12,NA
"1176","GNQ",2018,15,NA
"1177","GNQ",2019,5,NA
"1178","GRC",2012,545,NA
"1179","GRC",2013,358,NA
"1180","GRC",2014,384,NA
"1181","GRC",2015,717,NA
"1182","GRC",2016,1033,NA
"1183","GRC",2017,464,NA
"1184","GRC",2018,934,NA
"1185","GRC",2019,1235,NA
"1186","GRD",2012,17,NA
"1187","GRD",2014,1,NA
"1188","GRD",2015,1,NA
"1189","GRD",2016,5,NA
"1190","GRD",2017,6,NA
"1191","GRD",2018,16,NA
"1192","GRD",2019,12,NA
"1193","GEO",1991,6,NA
"1194","GEO",1992,96,NA
"1195","GEO",1993,113,NA
"1196","GEO",1995,3,NA
"1197","GEO",1997,5,NA
"1198","GEO",1998,3,NA
"1199","GEO",2002,2,NA
"1200","GEO",2004,13,NA
"1201","GEO",2008,12,NA
"1202","GEO",2010,4,NA
"1203","GEO",2011,1,NA
"1204","GRL",2012,1,NA
"1205","GRL",2013,3,NA
"1206","GRL",2014,3,NA
"1207","GRL",2015,8,NA
"1208","GRL",2016,9,NA
"1209","GRL",2017,7,NA
"1210","GRL",2018,1,NA
"1211","GRL",2019,14,NA
"1212","GTM",2012,7,NA
"1213","GTM",2013,16,NA
"1214","GTM",2014,18,NA
"1215","GTM",2015,142,NA
"1216","GTM",2016,42,NA
"1217","GTM",2017,80,NA
"1218","GTM",2018,72,NA
"1219","GTM",2019,1459,NA
"1220","GTM",1989,78,NA
"1221","GTM",1990,110,NA
"1222","GTM",1991,74,NA
"1223","GTM",1992,64,NA
"1224","GTM",1993,51,NA
"1225","GTM",1994,38,NA
"1226","GTM",1995,27,NA
"1227","GTM",1996,11,NA
"1228","GTM",1997,1,NA
"1229","GTM",1998,1,NA
"1230","GTM",2001,1,NA
"1231","GTM",2002,2,NA
"1232","GTM",2004,3,NA
"1233","GTM",2005,5,NA
"1234","GTM",2007,1,NA
"1235","GTM",2008,5,NA
"1236","GTM",2009,1,NA
"1237","GTM",2011,2,NA
"1238","GUF",2016,2,NA
"1239","GUF",2017,16,NA
"1240","GUF",2018,2,NA
"1241","GUF",2019,1,NA
"1242","GIN",1994,1,NA
"1243","GIN",1996,1,NA
"1244","GUM",2012,1,NA
"1245","GUM",2013,5,NA
"1246","GUM",2014,4,NA
"1247","GUM",2015,6,NA
"1248","GUM",2016,14,NA
"1249","GUM",2017,35,NA
"1250","GUM",2018,5,NA
"1251","GUM",2019,5,NA
"1252","GUY",2008,3,NA
"1253","GUY",2012,10,NA
"1254","GUY",2013,6,NA
"1255","GUY",2014,9,NA
"1256","GUY",2015,19,NA
"1257","GUY",2016,30,NA
"1258","GUY",2017,52,NA
"1259","GUY",2018,18,NA
"1260","GUY",2019,73,NA
"1261","HTI",1989,8,NA
"1262","HTI",1990,4,NA
"1263","HTI",1991,16,NA
"1264","HTI",1993,6,NA
"1265","HTI",1994,8,NA
"1266","HTI",1995,2,NA
"1267","HTI",1999,4,NA
"1268","HTI",2004,44,NA
"1269","HTI",2005,14,NA
"1270","HTI",2018,160,NA
"1271","HKG",2012,110,NA
"1272","HKG",2013,59,NA
"1273","HKG",2014,745,NA
"1274","HKG",2015,280,NA
"1275","HKG",2016,367,NA
"1276","HKG",2017,240,NA
"1277","HKG",2018,204,NA
"1278","HKG",2019,2356,NA
"1279","HND",2012,15,NA
"1280","HND",2013,18,NA
"1281","HND",2014,19,NA
"1282","HND",2015,73,NA
"1283","HND",2016,96,NA
"1284","HND",2017,86,NA
"1285","HND",2018,131,NA
"1286","HND",2019,1260,NA
"1287","HND",1999,1,NA
"1288","HND",2000,1,NA
"1289","HND",2002,1,NA
"1290","HND",2003,8,NA
"1291","HND",2004,4,NA
"1292","HND",2008,1,NA
"1293","HND",2010,6,NA
"1294","HND",2011,1,NA
"1295","HRV",2012,26,NA
"1296","HRV",2013,22,NA
"1297","HRV",2014,22,NA
"1298","HRV",2015,59,NA
"1299","HRV",2016,45,NA
"1300","HRV",2017,29,NA
"1301","HRV",2018,246,NA
"1302","HRV",2019,256,NA
"1303","HTI",2012,37,NA
"1304","HTI",2013,54,NA
"1305","HTI",2014,127,NA
"1306","HTI",2015,140,NA
"1307","HTI",2016,168,NA
"1308","HTI",2017,75,NA
"1309","HTI",2019,783,NA
"1310","HUN",2012,133,NA
"1311","HUN",2013,45,NA
"1312","HUN",2014,154,NA
"1313","HUN",2015,216,NA
"1314","HUN",2016,181,NA
"1315","HUN",2017,129,NA
"1316","HUN",2018,203,NA
"1317","HUN",2019,144,NA
"1318","IDN",2012,403,NA
"1319","IDN",2013,295,NA
"1320","IDN",2014,205,NA
"1321","IDN",2015,859,NA
"1322","IDN",2016,1074,NA
"1323","IDN",2017,977,NA
"1324","IDN",2018,1266,NA
"1325","IDN",2019,1886,NA
"1326","IMN",2013,1,NA
"1327","IMN",2017,8,NA
"1328","IND",1989,117,NA
"1329","IND",1990,332,NA
"1330","IND",1991,218,NA
"1331","IND",1992,240,NA
"1332","IND",1993,331,NA
"1333","IND",1994,246,NA
"1334","IND",1995,227,NA
"1335","IND",1996,174,NA
"1336","IND",1997,269,NA
"1337","IND",1998,354,NA
"1338","IND",1999,538,NA
"1339","IND",2000,1286,NA
"1340","IND",2001,419,NA
"1341","IND",2002,1011,NA
"1342","IND",2003,742,NA
"1343","IND",2004,764,NA
"1344","IND",2005,910,NA
"1345","IND",2006,931,NA
"1346","IND",2007,725,NA
"1347","IND",2008,678,NA
"1348","IND",2009,843,NA
"1349","IND",2010,784,NA
"1350","IND",2011,407,NA
"1351","IND",2012,2913,NA
"1352","IND",2013,3328,NA
"1353","IND",2014,4783,NA
"1354","IND",2015,7632,NA
"1355","IND",2016,23541,NA
"1356","IND",2017,23486,NA
"1357","IND",2018,27492,NA
"1358","IND",2019,33858,NA
"1359","IDN",1989,5,NA
"1360","IDN",1990,46,NA
"1361","IDN",1991,38,NA
"1362","IDN",1992,14,NA
"1363","IDN",1993,8,NA
"1364","IDN",1994,9,NA
"1365","IDN",1995,21,NA
"1366","IDN",1996,17,NA
"1367","IDN",1997,37,NA
"1368","IDN",1998,30,NA
"1369","IDN",1999,326,NA
"1370","IDN",2000,157,NA
"1371","IDN",2001,99,NA
"1372","IDN",2002,265,NA
"1373","IDN",2003,226,NA
"1374","IDN",2004,359,NA
"1375","IDN",2005,33,NA
"1376","IDN",2006,3,NA
"1377","IDN",2007,1,NA
"1378","IDN",2008,3,NA
"1379","IDN",2011,4,NA
"1380","IOT",2015,1,NA
"1381","IOT",2016,2,NA
"1382","IOT",2018,1,NA
"1383","IOT",2019,8,NA
"1384","IRL",2012,188,NA
"1385","IRL",2013,246,NA
"1386","IRL",2014,398,NA
"1387","IRL",2015,498,NA
"1388","IRL",2016,577,NA
"1389","IRL",2017,732,NA
"1390","IRL",2018,711,NA
"1391","IRL",2019,917,NA
"1392","IRN",1990,14,NA
"1393","IRN",1991,3,NA
"1394","IRN",1992,2,NA
"1395","IRN",1993,17,NA
"1396","IRN",1994,2,NA
"1397","IRN",1995,3,NA
"1398","IRN",1996,4,NA
"1399","IRN",1997,13,NA
"1400","IRN",1998,5,NA
"1401","IRN",1999,6,NA
"1402","IRN",2000,21,NA
"1403","IRN",2001,14,NA
"1404","IRN",2003,1,NA
"1405","IRN",2005,15,NA
"1406","IRN",2006,21,NA
"1407","IRN",2007,21,NA
"1408","IRN",2008,19,NA
"1409","IRN",2009,14,NA
"1410","IRN",2010,12,NA
"1411","IRN",2011,13,NA
"1412","IRN",2012,982,NA
"1413","IRN",2013,891,NA
"1414","IRN",2014,782,NA
"1415","IRN",2015,1303,NA
"1416","IRN",2016,2103,NA
"1417","IRN",2017,2150,NA
"1418","IRN",2018,4751,NA
"1419","IRN",2019,4390,NA
"1420","IRQ",1989,2,NA
"1421","IRQ",1990,6,NA
"1422","IRQ",1991,87,NA
"1423","IRQ",1992,48,NA
"1424","IRQ",1993,38,NA
"1425","IRQ",1994,31,NA
"1426","IRQ",1995,58,NA
"1427","IRQ",1996,52,NA
"1428","IRQ",1997,31,NA
"1429","IRQ",1998,9,NA
"1430","IRQ",1999,17,NA
"1431","IRQ",2000,11,NA
"1432","IRQ",2001,14,NA
"1433","IRQ",2002,6,NA
"1434","IRQ",2003,105,NA
"1435","IRQ",2004,343,NA
"1436","IRQ",2005,505,NA
"1437","IRQ",2006,535,NA
"1438","IRQ",2007,451,NA
"1439","IRQ",2008,403,NA
"1440","IRQ",2009,354,NA
"1441","IRQ",2010,366,NA
"1442","IRQ",2011,191,NA
"1443","IRQ",2012,616,NA
"1444","IRQ",2013,1042,NA
"1445","IRQ",2014,1609,NA
"1446","IRQ",2015,1618,NA
"1447","IRQ",2016,11731,NA
"1448","IRQ",2017,6257,NA
"1449","IRQ",2018,4294,NA
"1450","IRQ",2019,4838,NA
"1451","ISL",2012,4,NA
"1452","ISL",2013,5,NA
"1453","ISL",2014,14,NA
"1454","ISL",2015,22,NA
"1455","ISL",2016,90,NA
"1456","ISL",2017,21,NA
"1457","ISL",2018,14,NA
"1458","ISL",2019,12,NA
"1459","ISR",1989,58,NA
"1460","ISR",1990,37,NA
"1461","ISR",1991,37,NA
"1462","ISR",1992,55,NA
"1463","ISR",1993,61,NA
"1464","ISR",1994,52,NA
"1465","ISR",1995,24,NA
"1466","ISR",1996,25,NA
"1467","ISR",1997,5,NA
"1468","ISR",1998,4,NA
"1469","ISR",1999,2,NA
"1470","ISR",2000,59,NA
"1471","ISR",2001,179,NA
"1472","ISR",2002,375,NA
"1473","ISR",2003,154,NA
"1474","ISR",2004,268,NA
"1475","ISR",2005,117,NA
"1476","ISR",2006,258,NA
"1477","ISR",2007,239,NA
"1478","ISR",2008,154,NA
"1479","ISR",2009,140,NA
"1480","ISR",2010,36,NA
"1481","ISR",2011,35,NA
"1482","ISR",2012,2887,NA
"1483","ISR",2013,2047,NA
"1484","ISR",2014,4434,NA
"1485","ISR",2015,4087,NA
"1486","ISR",2016,4161,NA
"1487","ISR",2017,5366,NA
"1488","ISR",2018,6246,NA
"1489","ISR",2019,3945,NA
"1490","ITA",1993,1,NA
"1491","ITA",2012,299,NA
"1492","ITA",2013,333,NA
"1493","ITA",2014,258,NA
"1494","ITA",2015,445,NA
"1495","ITA",2016,542,NA
"1496","ITA",2017,475,NA
"1497","ITA",2018,591,NA
"1498","ITA",2019,460,NA
"1499","JAM",1989,1,NA
"1500","JAM",1994,1,NA
"1501","JAM",2001,20,NA
"1502","JAM",2002,6,NA
"1503","JAM",2003,1,NA
"1504","JAM",2012,34,NA
"1505","JAM",2013,23,NA
"1506","JAM",2014,31,NA
"1507","JAM",2015,53,NA
"1508","JAM",2016,51,NA
"1509","JAM",2017,47,NA
"1510","JAM",2018,33,NA
"1511","JAM",2019,182,NA
"1512","JEY",2012,24,NA
"1513","JEY",2013,12,NA
"1514","JEY",2014,22,NA
"1515","JEY",2015,58,NA
"1516","JEY",2016,47,NA
"1517","JEY",2017,59,NA
"1518","JEY",2018,37,NA
"1519","JEY",2019,52,NA
"1520","JOR",1992,1,NA
"1521","JOR",2005,1,NA
"1522","JOR",2012,334,NA
"1523","JOR",2013,139,NA
"1524","JOR",2014,184,NA
"1525","JOR",2015,204,NA
"1526","JOR",2016,264,NA
"1527","JOR",2017,312,NA
"1528","JOR",2018,350,NA
"1529","JOR",2019,420,NA
"1530","JPN",2012,671,NA
"1531","JPN",2013,329,NA
"1532","JPN",2014,434,NA
"1533","JPN",2015,724,NA
"1534","JPN",2016,875,NA
"1535","JPN",2017,689,NA
"1536","JPN",2018,519,NA
"1537","JPN",2019,2412,NA
"1538","KAZ",2012,77,NA
"1539","KAZ",2013,15,NA
"1540","KAZ",2014,55,NA
"1541","KAZ",2015,26,NA
"1542","KAZ",2016,74,NA
"1543","KAZ",2017,57,NA
"1544","KAZ",2018,208,NA
"1545","KAZ",2019,710,NA
"1546","KEN",1989,3,NA
"1547","KEN",1990,1,NA
"1548","KEN",1991,2,NA
"1549","KEN",1992,26,NA
"1550","KEN",1993,18,NA
"1551","KEN",1994,13,NA
"1552","KEN",1995,4,NA
"1553","KEN",1996,9,NA
"1554","KEN",1997,152,NA
"1555","KEN",1998,192,NA
"1556","KEN",1999,197,NA
"1557","KEN",2000,204,NA
"1558","KEN",2001,180,NA
"1559","KEN",2002,213,NA
"1560","KEN",2003,163,NA
"1561","KEN",2004,148,NA
"1562","KEN",2005,188,NA
"1563","KEN",2006,162,NA
"1564","KEN",2007,472,NA
"1565","KEN",2008,562,NA
"1566","KEN",2009,161,NA
"1567","KEN",2010,179,NA
"1568","KEN",2011,168,NA
"1569","KEN",2012,540,NA
"1570","KEN",2013,986,NA
"1571","KEN",2014,811,NA
"1572","KEN",2015,674,NA
"1573","KEN",2016,1051,NA
"1574","KEN",2017,2007,NA
"1575","KEN",2018,1015,NA
"1576","KEN",2019,698,NA
"1577","KGZ",2012,66,NA
"1578","KGZ",2013,43,NA
"1579","KGZ",2014,38,NA
"1580","KGZ",2015,43,NA
"1581","KGZ",2016,38,NA
"1582","KGZ",2017,59,NA
"1583","KGZ",2018,217,NA
"1584","KGZ",2019,324,NA
"1585","KHM",2010,235,NA
"1586","KHM",2013,476,NA
"1587","KHM",2014,565,NA
"1588","KHM",2015,314,NA
"1589","KHM",2016,367,NA
"1590","KHM",2017,244,NA
"1591","KHM",2018,211,NA
"1592","KHM",2019,152,NA
"1593","KIR",2015,1,NA
"1594","KIR",2017,2,NA
"1595","KIR",2018,1,NA
"1596","KIR",2019,1,NA
"1597","KNA",2014,2,NA
"1598","KNA",2016,3,NA
"1599","KNA",2019,1,NA
"1600","KOR",2012,152,NA
"1601","KOR",2013,185,NA
"1602","KOR",2014,274,NA
"1603","KOR",2015,439,NA
"1604","KOR",2016,946,NA
"1605","KOR",2017,778,NA
"1606","KOR",2018,414,NA
"1607","KOR",2019,4019,NA
"1608","KWT",1990,19,NA
"1609","KWT",1991,19,NA
"1610","KWT",1996,1,NA
"1611","KWT",2015,67,NA
"1612","KWT",2012,188,NA
"1613","KWT",2013,62,NA
"1614","KWT",2014,52,NA
"1615","KWT",2016,85,NA
"1616","KWT",2017,62,NA
"1617","KWT",2018,88,NA
"1618","KWT",2019,57,NA
"1619","KGZ",1999,2,NA
"1620","KGZ",2000,17,NA
"1621","KGZ",2006,3,NA
"1622","KGZ",2010,25,NA
"1623","LAO",1989,1,NA
"1624","LAO",1990,6,NA
"1625","LAO",1993,1,NA
"1626","LAO",1997,1,NA
"1627","LAO",1999,1,NA
"1628","LAO",2000,2,NA
"1629","LAO",2002,2,NA
"1630","LAO",2003,3,NA
"1631","LAO",2004,3,NA
"1632","LAO",2006,4,NA
"1633","LAO",2011,2,NA
"1634","LAO",2012,12,NA
"1635","LAO",2013,6,NA
"1636","LAO",2014,9,NA
"1637","LAO",2015,17,NA
"1638","LAO",2016,31,NA
"1639","LAO",2017,15,NA
"1640","LAO",2018,11,NA
"1641","LAO",2019,12,NA
"1642","LBN",2012,617,NA
"1643","LBN",2013,263,NA
"1644","LBN",2014,351,NA
"1645","LBN",2015,469,NA
"1646","LBN",2016,637,NA
"1647","LBN",2017,665,NA
"1648","LBN",2018,415,NA
"1649","LBN",2019,3252,NA
"1650","LBR",1989,6,NA
"1651","LBR",1990,138,NA
"1652","LBR",1991,19,NA
"1653","LBR",1992,26,NA
"1654","LBR",1993,47,NA
"1655","LBR",1994,92,NA
"1656","LBR",1995,52,NA
"1657","LBR",1996,32,NA
"1658","LBR",1997,16,NA
"1659","LBR",1998,24,NA
"1660","LBR",1999,43,NA
"1661","LBR",2000,88,NA
"1662","LBR",2001,203,NA
"1663","LBR",2002,186,NA
"1664","LBR",2003,291,NA
"1665","LBR",2004,21,NA
"1666","LBR",2005,26,NA
"1667","LBR",2006,21,NA
"1668","LBR",2007,9,NA
"1669","LBR",2008,14,NA
"1670","LBR",2009,8,NA
"1671","LBR",2010,10,NA
"1672","LBR",2011,29,NA
"1673","LBR",2012,24,NA
"1674","LBR",2013,81,NA
"1675","LBR",2014,181,NA
"1676","LBR",2015,132,NA
"1677","LBR",2016,128,NA
"1678","LBR",2017,95,NA
"1679","LBR",2018,97,NA
"1680","LBR",2019,133,NA
"1681","LBY",1997,2,NA
"1682","LBY",1998,10,NA
"1683","LBY",2000,5,NA
"1684","LBY",2001,3,NA
"1685","LBY",2002,5,NA
"1686","LBY",2003,2,NA
"1687","LBY",2004,6,NA
"1688","LBY",2005,7,NA
"1689","LBY",2006,7,NA
"1690","LBY",2007,1,NA
"1691","LBY",2008,6,NA
"1692","LBY",2009,5,NA
"1693","LBY",2010,5,NA
"1694","LBY",2011,901,NA
"1695","LBY",2012,980,NA
"1696","LBY",2013,976,NA
"1697","LBY",2014,1907,NA
"1698","LBY",2015,1708,NA
"1699","LBY",2016,1502,NA
"1700","LBY",2017,1222,NA
"1701","LBY",2018,973,NA
"1702","LBY",2019,1650,NA
"1703","LCA",2015,4,NA
"1704","LCA",2017,3,NA
"1705","LCA",2018,2,NA
"1706","LCA",2019,3,NA
"1707","LBN",1989,210,NA
"1708","LBN",1990,89,NA
"1709","LBN",1991,29,NA
"1710","LBN",1992,54,NA
"1711","LBN",1993,80,NA
"1712","LBN",1994,59,NA
"1713","LBN",1995,71,NA
"1714","LBN",1996,57,NA
"1715","LBN",1997,60,NA
"1716","LBN",1998,51,NA
"1717","LBN",1999,41,NA
"1718","LBN",2000,33,NA
"1719","LBN",2001,3,NA
"1720","LBN",2002,1,NA
"1721","LBN",2003,1,NA
"1722","LBN",2005,3,NA
"1723","LBN",2006,152,NA
"1724","LBN",2008,5,NA
"1725","LBN",2011,2,NA
"1726","LSO",1998,38,NA
"1727","LIE",2013,1,NA
"1728","LIE",2014,5,NA
"1729","LIE",2016,1,NA
"1730","LKA",2010,285,NA
"1731","LKA",2011,253,NA
"1732","LKA",2012,548,NA
"1733","LKA",2013,723,NA
"1734","LKA",2014,498,NA
"1735","LKA",2015,763,NA
"1736","LKA",2016,865,NA
"1737","LKA",2017,849,NA
"1738","LKA",2018,979,NA
"1739","LKA",2019,1214,NA
"1740","LSO",1997,4,NA
"1741","LSO",1999,4,NA
"1742","LSO",2000,2,NA
"1743","LSO",2001,2,NA
"1744","LSO",2002,2,NA
"1745","LSO",2003,3,NA
"1746","LSO",2004,1,NA
"1747","LSO",2006,3,NA
"1748","LSO",2007,1,NA
"1749","LSO",2008,1,NA
"1750","LSO",2009,2,NA
"1751","LSO",2010,3,NA
"1752","LSO",2011,4,NA
"1753","LSO",2012,22,NA
"1754","LSO",2014,6,NA
"1755","LSO",2015,15,NA
"1756","LSO",2016,16,NA
"1757","LSO",2017,11,NA
"1758","LSO",2018,12,NA
"1759","LSO",2019,19,NA
"1760","LTU",2012,8,NA
"1761","LTU",2013,27,NA
"1762","LTU",2014,21,NA
"1763","LTU",2015,32,NA
"1764","LTU",2016,22,NA
"1765","LTU",2017,24,NA
"1766","LTU",2018,29,NA
"1767","LTU",2019,31,NA
"1768","LUX",2012,7,NA
"1769","LUX",2013,1,NA
"1770","LUX",2014,9,NA
"1771","LUX",2015,16,NA
"1772","LUX",2016,11,NA
"1773","LUX",2017,16,NA
"1774","LUX",2018,24,NA
"1775","LUX",2019,13,NA
"1776","LVA",2012,8,NA
"1777","LVA",2013,9,NA
"1778","LVA",2014,17,NA
"1779","LVA",2015,19,NA
"1780","LVA",2016,14,NA
"1781","LVA",2017,29,NA
"1782","LVA",2018,34,NA
"1783","LVA",2019,21,NA
"1784","MRT",1989,15,NA
"1785","MRT",1990,3,NA
"1786","MRT",1992,1,NA
"1787","MRT",2007,6,NA
"1788","MRT",2008,17,NA
"1789","MRT",2009,11,NA
"1790","MRT",2010,14,NA
"1791","MRT",2011,36,NA
"1792","MRT",2012,112,NA
"1793","MAC",1999,1,NA
"1794","MAC",2000,1,NA
"1795","MAC",2001,53,NA
"1796","MAC",2012,1,NA
"1797","MAC",2014,7,NA
"1798","MAC",2015,5,NA
"1799","MAC",2016,8,NA
"1800","MAC",2017,9,NA
"1801","MAC",2018,6,NA
"1802","MAC",2019,17,NA
"1803","MAF",2019,6,NA
"1804","MDG",2002,134,NA
"1805","MDG",2009,108,NA
"1806","MDG",2012,103,NA
"1807","MDG",2017,175,NA
"1808","MDG",2019,327,NA
"1809","MYS",2013,205,NA
"1810","MYS",2017,340,NA
"1811","MAR",1997,10,NA
"1812","MAR",1998,13,NA
"1813","MAR",1999,15,NA
"1814","MAR",2000,16,NA
"1815","MAR",2001,7,NA
"1816","MAR",2002,9,NA
"1817","MAR",2003,15,NA
"1818","MAR",2004,6,NA
"1819","MAR",2005,17,NA
"1820","MAR",2006,14,NA
"1821","MAR",2007,15,NA
"1822","MAR",2008,9,NA
"1823","MAR",2009,6,NA
"1824","MAR",2010,14,NA
"1825","MAR",2011,196,NA
"1826","MAR",2012,238,NA
"1827","MAR",2013,273,NA
"1828","MAR",2014,238,NA
"1829","MAR",2015,251,NA
"1830","MAR",2016,330,NA
"1831","MAR",2017,495,NA
"1832","MAR",2018,369,NA
"1833","MAR",2019,962,NA
"1834","MCO",2012,2,NA
"1835","MCO",2014,1,NA
"1836","MCO",2015,1,NA
"1837","MCO",2016,3,NA
"1838","MCO",2017,4,NA
"1839","MCO",2018,3,NA
"1840","MCO",2019,2,NA
"1841","MDA",2012,14,NA
"1842","MDA",2013,16,NA
"1843","MDA",2014,29,NA
"1844","MDA",2015,114,NA
"1845","MDA",2016,167,NA
"1846","MDA",2017,45,NA
"1847","MDA",2018,219,NA
"1848","MDA",2019,202,NA
"1849","MDG",1997,5,NA
"1850","MDG",1998,3,NA
"1851","MDG",1999,1,NA
"1852","MDG",2000,4,NA
"1853","MDG",2001,6,NA
"1854","MDG",2003,18,NA
"1855","MDG",2004,22,NA
"1856","MDG",2005,11,NA
"1857","MDG",2006,10,NA
"1858","MDG",2007,17,NA
"1859","MDG",2008,1,NA
"1860","MDG",2010,17,NA
"1861","MDG",2011,3,NA
"1862","MDG",2013,71,NA
"1863","MDG",2014,120,NA
"1864","MDG",2015,98,NA
"1865","MDG",2016,110,NA
"1866","MDG",2018,141,NA
"1867","MDV",2012,83,NA
"1868","MDV",2013,23,NA
"1869","MDV",2014,5,NA
"1870","MDV",2015,99,NA
"1871","MDV",2016,32,NA
"1872","MDV",2017,15,NA
"1873","MDV",2018,76,NA
"1874","MDV",2019,4,NA
"1875","MEX",1989,2,NA
"1876","MEX",1990,3,NA
"1877","MEX",1992,3,NA
"1878","MEX",1993,3,NA
"1879","MEX",1994,12,NA
"1880","MEX",1995,5,NA
"1881","MEX",1996,15,NA
"1882","MEX",1997,6,NA
"1883","MEX",1998,5,NA
"1884","MEX",2002,2,NA
"1885","MEX",2004,31,NA
"1886","MEX",2005,12,NA
"1887","MEX",2006,39,NA
"1888","MEX",2007,186,NA
"1889","MEX",2008,97,NA
"1890","MEX",2009,235,NA
"1891","MEX",2010,275,NA
"1892","MEX",2011,260,NA
"1893","MEX",2012,421,NA
"1894","MEX",2013,381,NA
"1895","MEX",2014,955,NA
"1896","MEX",2015,739,NA
"1897","MEX",2016,1052,NA
"1898","MEX",2017,1165,NA
"1899","MEX",2018,1248,NA
"1900","MEX",2019,14268,NA
"1901","MHL",2012,1,NA
"1902","MHL",2013,1,NA
"1903","MHL",2014,4,NA
"1904","MHL",2015,2,NA
"1905","MHL",2016,2,NA
"1906","MHL",2017,2,NA
"1907","MHL",2018,3,NA
"1908","MHL",2019,1,NA
"1909","MKD",2012,28,NA
"1910","MKD",2013,24,NA
"1911","MKD",2014,52,NA
"1912","MKD",2015,168,NA
"1913","MKD",2016,206,NA
"1914","MKD",2017,104,NA
"1915","MKD",2018,291,NA
"1916","MKD",2019,275,NA
"1917","MDA",1992,77,NA
"1918","MLI",1990,15,NA
"1919","MLI",1991,11,NA
"1920","MLI",1992,8,NA
"1921","MLI",1993,1,NA
"1922","MLI",1994,41,NA
"1923","MLI",1995,4,NA
"1924","MLI",1997,15,NA
"1925","MLI",1998,3,NA
"1926","MLI",1999,14,NA
"1927","MLI",2000,4,NA
"1928","MLI",2001,5,NA
"1929","MLI",2002,2,NA
"1930","MLI",2003,3,NA
"1931","MLI",2004,5,NA
"1932","MLI",2005,3,NA
"1933","MLI",2006,7,NA
"1934","MLI",2007,17,NA
"1935","MLI",2008,31,NA
"1936","MLI",2009,19,NA
"1937","MLI",2010,19,NA
"1938","MLI",2011,25,NA
"1939","MLI",2012,426,NA
"1940","MLI",2013,480,NA
"1941","MLI",2014,206,NA
"1942","MLI",2015,297,NA
"1943","MLI",2016,232,NA
"1944","MLI",2017,599,NA
"1945","MLI",2018,933,NA
"1946","MLI",2019,971,NA
"1947","MLT",1995,1,NA
"1948","MLT",2012,17,NA
"1949","MLT",2013,16,NA
"1950","MLT",2014,26,NA
"1951","MLT",2015,30,NA
"1952","MLT",2016,41,NA
"1953","MLT",2017,143,NA
"1954","MLT",2018,51,NA
"1955","MLT",2019,112,NA
"1956","MMR",2010,246,NA
"1957","MMR",2011,734,NA
"1958","MMR",2012,1035,NA
"1959","MMR",2013,982,NA
"1960","MMR",2014,1066,NA
"1961","MMR",2015,1749,NA
"1962","MMR",2016,1263,NA
"1963","MMR",2017,1218,NA
"1964","MMR",2018,1209,NA
"1965","MMR",2019,1920,NA
"1966","MNE",2012,3,NA
"1967","MNE",2013,5,NA
"1968","MNE",2014,12,NA
"1969","MNE",2015,25,NA
"1970","MNE",2016,23,NA
"1971","MNE",2017,17,NA
"1972","MNE",2018,104,NA
"1973","MNE",2019,167,NA
"1974","MNG",2012,18,NA
"1975","MNG",2013,7,NA
"1976","MNG",2014,8,NA
"1977","MNG",2015,18,NA
"1978","MNG",2016,31,NA
"1979","MNG",2017,14,NA
"1980","MNG",2018,18,NA
"1981","MNG",2019,96,NA
"1982","MNP",2012,187,NA
"1983","MNP",2013,182,NA
"1984","MNP",2014,264,NA
"1985","MAR",1989,12,NA
"1986","MAR",1991,4,NA
"1987","MOZ",1997,12,NA
"1988","MOZ",1998,1,NA
"1989","MOZ",1999,4,NA
"1990","MOZ",2000,12,NA
"1991","MOZ",2001,13,NA
"1992","MOZ",2002,2,NA
"1993","MOZ",2003,27,NA
"1994","MOZ",2004,32,NA
"1995","MOZ",2005,21,NA
"1996","MOZ",2006,7,NA
"1997","MOZ",2007,9,NA
"1998","MOZ",2008,20,NA
"1999","MOZ",2009,46,NA
"2000","MOZ",2010,23,NA
"2001","MOZ",2011,14,NA
"2002","MOZ",2012,39,NA
"2003","MOZ",2013,124,NA
"2004","MOZ",2014,160,NA
"2005","MOZ",2015,72,NA
"2006","MOZ",2016,181,NA
"2007","MOZ",2017,106,NA
"2008","MOZ",2018,185,NA
"2009","MOZ",2019,467,NA
"2010","MRT",1997,5,NA
"2011","MRT",1998,1,NA
"2012","MRT",1999,3,NA
"2013","MRT",2000,4,NA
"2014","MRT",2001,1,NA
"2015","MRT",2002,3,NA
"2016","MRT",2003,11,NA
"2017","MRT",2004,2,NA
"2018","MRT",2005,8,NA
"2019","MRT",2006,3,NA
"2020","MRT",2013,91,NA
"2021","MRT",2014,91,NA
"2022","MRT",2015,71,NA
"2023","MRT",2016,42,NA
"2024","MRT",2017,71,NA
"2025","MRT",2018,83,NA
"2026","MRT",2019,132,NA
"2027","MSR",2012,3,NA
"2028","MSR",2014,1,NA
"2029","MSR",2016,1,NA
"2030","MTQ",2014,1,NA
"2031","MTQ",2016,1,NA
"2032","MTQ",2017,1,NA
"2033","MTQ",2019,16,NA
"2034","MUS",2012,3,NA
"2035","MUS",2013,5,NA
"2036","MUS",2014,15,NA
"2037","MUS",2015,11,NA
"2038","MUS",2016,2,NA
"2039","MUS",2017,26,NA
"2040","MUS",2018,23,NA
"2041","MUS",2019,14,NA
"2042","MWI",1997,1,NA
"2043","MWI",1998,5,NA
"2044","MWI",1999,2,NA
"2045","MWI",2000,16,NA
"2046","MWI",2001,21,NA
"2047","MWI",2002,11,NA
"2048","MWI",2003,12,NA
"2049","MWI",2004,5,NA
"2050","MWI",2005,6,NA
"2051","MWI",2006,6,NA
"2052","MWI",2007,6,NA
"2053","MWI",2008,6,NA
"2054","MWI",2009,4,NA
"2055","MWI",2010,5,NA
"2056","MWI",2011,23,NA
"2057","MWI",2012,35,NA
"2058","MWI",2013,58,NA
"2059","MWI",2014,62,NA
"2060","MWI",2015,105,NA
"2061","MWI",2016,152,NA
"2062","MWI",2017,118,NA
"2063","MWI",2018,121,NA
"2064","MWI",2019,323,NA
"2065","MMR",1989,33,NA
"2066","MMR",1990,28,NA
"2067","MMR",1991,29,NA
"2068","MMR",1992,45,NA
"2069","MMR",1993,10,NA
"2070","MMR",1994,79,NA
"2071","MMR",1995,89,NA
"2072","MMR",1996,78,NA
"2073","MMR",1997,88,NA
"2074","MMR",1998,125,NA
"2075","MMR",1999,128,NA
"2076","MMR",2000,171,NA
"2077","MMR",2001,91,NA
"2078","MMR",2002,99,NA
"2079","MMR",2003,64,NA
"2080","MMR",2004,84,NA
"2081","MMR",2005,80,NA
"2082","MMR",2006,113,NA
"2083","MMR",2007,174,NA
"2084","MMR",2008,63,NA
"2085","MMR",2009,35,NA
"2086","MYS",2012,222,NA
"2087","MYS",2014,413,NA
"2088","MYS",2015,632,NA
"2089","MYS",2016,575,NA
"2090","MYS",2018,532,NA
"2091","MYS",2019,455,NA
"2092","MYT",2016,2,NA
"2093","MYT",2017,2,NA
"2094","MYT",2018,4,NA
"2095","MOZ",1989,131,NA
"2096","MOZ",1990,44,NA
"2097","MOZ",1991,52,NA
"2098","MOZ",1992,34,NA
"2099","NAM",1989,2,NA
"2100","NAM",1994,1,NA
"2101","NAM",1996,1,NA
"2102","NAM",1997,8,NA
"2103","NAM",1998,4,NA
"2104","NAM",1999,43,NA
"2105","NAM",2000,80,NA
"2106","NAM",2001,19,NA
"2107","NAM",2002,8,NA
"2108","NAM",2003,13,NA
"2109","NAM",2004,2,NA
"2110","NAM",2005,1,NA
"2111","NAM",2006,12,NA
"2112","NAM",2007,18,NA
"2113","NAM",2008,20,NA
"2114","NAM",2009,9,NA
"2115","NAM",2010,12,NA
"2116","NAM",2011,16,NA
"2117","NAM",2012,119,NA
"2118","NAM",2013,93,NA
"2119","NAM",2014,78,NA
"2120","NAM",2015,106,NA
"2121","NAM",2016,83,NA
"2122","NAM",2017,53,NA
"2123","NAM",2018,64,NA
"2124","NAM",2019,101,NA
"2125","NCL",2012,2,NA
"2126","NCL",2013,1,NA
"2127","NCL",2017,2,NA
"2128","NCL",2018,3,NA
"2129","NCL",2019,3,NA
"2130","NPL",1990,9,NA
"2131","NPL",1991,1,NA
"2132","NPL",1992,1,NA
"2133","NPL",1993,3,NA
"2134","NPL",1994,1,NA
"2135","NPL",1995,1,NA
"2136","NPL",1996,53,NA
"2137","NPL",1997,37,NA
"2138","NPL",1998,218,NA
"2139","NPL",1999,244,NA
"2140","NPL",2000,186,NA
"2141","NPL",2001,229,NA
"2142","NPL",2002,1531,NA
"2143","NPL",2003,885,NA
"2144","NPL",2004,1360,NA
"2145","NPL",2005,649,NA
"2146","NPL",2006,215,NA
"2147","NPL",2007,20,NA
"2148","NPL",2008,9,NA
"2149","NPL",2009,2,NA
"2150","NPL",2019,1233,NA
"2151","NER",1997,35,NA
"2152","NER",1998,42,NA
"2153","NER",1999,10,NA
"2154","NER",2000,10,NA
"2155","NER",2001,9,NA
"2156","NER",2002,41,NA
"2157","NER",2003,6,NA
"2158","NER",2004,18,NA
"2159","NER",2005,9,NA
"2160","NER",2006,8,NA
"2161","NER",2007,53,NA
"2162","NER",2008,40,NA
"2163","NER",2009,16,NA
"2164","NER",2010,10,NA
"2165","NER",2011,10,NA
"2166","NER",2012,12,NA
"2167","NER",2013,53,NA
"2168","NER",2014,32,NA
"2169","NER",2015,251,NA
"2170","NER",2016,149,NA
"2171","NER",2017,100,NA
"2172","NER",2018,212,NA
"2173","NER",2019,416,NA
"2174","NFK",2015,1,NA
"2175","NFK",2016,2,NA
"2176","NGA",1997,159,NA
"2177","NGA",1998,176,NA
"2178","NGA",1999,239,NA
"2179","NGA",2000,189,NA
"2180","NGA",2001,154,NA
"2181","NGA",2002,195,NA
"2182","NGA",2003,260,NA
"2183","NGA",2004,359,NA
"2184","NGA",2005,214,NA
"2185","NGA",2006,141,NA
"2186","NGA",2007,213,NA
"2187","NGA",2008,211,NA
"2188","NGA",2009,241,NA
"2189","NGA",2010,550,NA
"2190","NGA",2011,588,NA
"2191","NGA",2012,1797,NA
"2192","NGA",2013,1812,NA
"2193","NGA",2014,3105,NA
"2194","NGA",2015,4289,NA
"2195","NGA",2016,4629,NA
"2196","NGA",2017,4748,NA
"2197","NGA",2018,5044,NA
"2198","NGA",2019,4765,NA
"2199","NIC",1989,21,NA
"2200","NIC",1990,6,NA
"2201","NIC",2012,13,NA
"2202","NIC",2013,14,NA
"2203","NIC",2014,30,NA
"2204","NIC",2015,28,NA
"2205","NIC",2016,21,NA
"2206","NIC",2017,63,NA
"2207","NIC",2018,499,NA
"2208","NIC",2019,432,NA
"2209","NGA",1990,2,NA
"2210","NGA",1991,4,NA
"2211","NGA",1992,12,NA
"2212","NGA",1993,8,NA
"2213","NGA",1994,16,NA
"2214","NGA",1995,1,NA
"2215","NGA",1996,5,NA
"2216","NER",1989,1,NA
"2217","NER",1990,2,NA
"2218","NER",1991,9,NA
"2219","NER",1992,11,NA
"2220","NER",1993,1,NA
"2221","NER",1994,11,NA
"2222","NER",1995,7,NA
"2223","NER",1996,3,NA
"2224","NIU",2012,2,NA
"2225","NIU",2018,1,NA
"2226","NLD",2012,86,NA
"2227","NLD",2013,108,NA
"2228","NLD",2014,102,NA
"2229","NLD",2015,172,NA
"2230","NLD",2016,231,NA
"2231","NLD",2017,383,NA
"2232","NLD",2018,253,NA
"2233","NLD",2019,204,NA
"2234","NOR",2012,81,NA
"2235","NOR",2013,29,NA
"2236","NOR",2014,64,NA
"2237","NOR",2015,99,NA
"2238","NOR",2016,121,NA
"2239","NOR",2017,81,NA
"2240","NOR",2018,67,NA
"2241","NOR",2019,107,NA
"2242","NPL",2010,530,NA
"2243","NPL",2011,326,NA
"2244","NPL",2012,687,NA
"2245","NPL",2013,870,NA
"2246","NPL",2014,453,NA
"2247","NPL",2015,1437,NA
"2248","NPL",2016,796,NA
"2249","NPL",2017,745,NA
"2250","NPL",2018,978,NA
"2251","NRU",2012,20,NA
"2252","NRU",2013,3,NA
"2253","NRU",2014,25,NA
"2254","NRU",2015,33,NA
"2255","NRU",2016,86,NA
"2256","NRU",2017,11,NA
"2257","NRU",2018,24,NA
"2258","NRU",2019,7,NA
"2259","NLD",1990,2,NA
"2260","NZL",2012,126,NA
"2261","NZL",2013,90,NA
"2262","NZL",2014,103,NA
"2263","NZL",2015,213,NA
"2264","NZL",2016,247,NA
"2265","NZL",2017,215,NA
"2266","NZL",2018,221,NA
"2267","NZL",2019,331,NA
"2268","OMN",2012,35,NA
"2269","OMN",2013,21,NA
"2270","OMN",2014,15,NA
"2271","OMN",2015,28,NA
"2272","OMN",2016,33,NA
"2273","OMN",2017,18,NA
"2274","OMN",2018,27,NA
"2275","OMN",2019,18,NA
"2276","PAK",1989,20,NA
"2277","PAK",1990,44,NA
"2278","PAK",1991,9,NA
"2279","PAK",1992,5,NA
"2280","PAK",1993,7,NA
"2281","PAK",1994,33,NA
"2282","PAK",1995,22,NA
"2283","PAK",1996,19,NA
"2284","PAK",1997,14,NA
"2285","PAK",1998,18,NA
"2286","PAK",1999,2,NA
"2287","PAK",2000,1,NA
"2288","PAK",2001,2,NA
"2289","PAK",2002,16,NA
"2290","PAK",2003,78,NA
"2291","PAK",2004,62,NA
"2292","PAK",2005,47,NA
"2293","PAK",2006,46,NA
"2294","PAK",2007,210,NA
"2295","PAK",2008,664,NA
"2296","PAK",2009,883,NA
"2297","PAK",2010,6493,NA
"2298","PAK",2011,4295,NA
"2299","PAK",2012,9877,NA
"2300","PAK",2013,8504,NA
"2301","PAK",2014,7645,NA
"2302","PAK",2015,8708,NA
"2303","PAK",2016,9230,NA
"2304","PAK",2017,8037,NA
"2305","PAK",2018,9891,NA
"2306","PAK",2019,10551,NA
"2307","PAN",1989,3,NA
"2308","PAN",2012,21,NA
"2309","PAN",2013,14,NA
"2310","PAN",2014,24,NA
"2311","PAN",2015,24,NA
"2312","PAN",2016,235,NA
"2313","PAN",2017,90,NA
"2314","PAN",2018,48,NA
"2315","PAN",2019,417,NA
"2316","PRY",1989,2,NA
"2317","PCN",2017,3,NA
"2318","PER",1989,172,NA
"2319","PER",1990,140,NA
"2320","PER",1991,123,NA
"2321","PER",1992,127,NA
"2322","PER",1993,72,NA
"2323","PER",1994,35,NA
"2324","PER",1995,41,NA
"2325","PER",1996,25,NA
"2326","PER",1997,19,NA
"2327","PER",1998,9,NA
"2328","PER",1999,16,NA
"2329","PER",2000,4,NA
"2330","PER",2001,3,NA
"2331","PER",2002,6,NA
"2332","PER",2003,4,NA
"2333","PER",2004,2,NA
"2334","PER",2005,1,NA
"2335","PER",2006,3,NA
"2336","PER",2007,9,NA
"2337","PER",2008,13,NA
"2338","PER",2009,13,NA
"2339","PER",2010,13,NA
"2340","PER",2011,11,NA
"2341","PER",2012,89,NA
"2342","PER",2013,57,NA
"2343","PER",2014,78,NA
"2344","PER",2015,163,NA
"2345","PER",2016,177,NA
"2346","PER",2017,138,NA
"2347","PER",2018,96,NA
"2348","PER",2019,848,NA
"2349","PHL",1989,135,NA
"2350","PHL",1990,126,NA
"2351","PHL",1991,113,NA
"2352","PHL",1992,59,NA
"2353","PHL",1993,45,NA
"2354","PHL",1994,40,NA
"2355","PHL",1995,18,NA
"2356","PHL",1996,26,NA
"2357","PHL",1997,40,NA
"2358","PHL",1998,23,NA
"2359","PHL",1999,48,NA
"2360","PHL",2000,171,NA
"2361","PHL",2001,146,NA
"2362","PHL",2002,211,NA
"2363","PHL",2003,153,NA
"2364","PHL",2004,135,NA
"2365","PHL",2005,124,NA
"2366","PHL",2006,131,NA
"2367","PHL",2007,103,NA
"2368","PHL",2008,182,NA
"2369","PHL",2009,155,NA
"2370","PHL",2010,119,NA
"2371","PHL",2011,149,NA
"2372","PHL",2012,437,NA
"2373","PHL",2013,617,NA
"2374","PHL",2014,664,NA
"2375","PHL",2015,903,NA
"2376","PHL",2016,4372,NA
"2377","PHL",2017,3998,NA
"2378","PHL",2018,2484,NA
"2379","PHL",2019,2442,NA
"2380","PLW",2012,1,NA
"2381","PLW",2013,1,NA
"2382","PLW",2017,3,NA
"2383","PNG",1989,6,NA
"2384","PNG",1990,15,NA
"2385","PNG",1991,3,NA
"2386","PNG",1992,16,NA
"2387","PNG",1993,14,NA
"2388","PNG",1994,6,NA
"2389","PNG",1995,11,NA
"2390","PNG",1996,26,NA
"2391","PNG",1997,4,NA
"2392","PNG",1999,2,NA
"2393","PNG",2000,2,NA
"2394","PNG",2001,6,NA
"2395","PNG",2002,3,NA
"2396","PNG",2012,16,NA
"2397","PNG",2013,12,NA
"2398","PNG",2014,6,NA
"2399","PNG",2015,56,NA
"2400","PNG",2016,92,NA
"2401","PNG",2017,41,NA
"2402","PNG",2018,33,NA
"2403","PNG",2019,28,NA
"2404","POL",2012,100,NA
"2405","POL",2013,90,NA
"2406","POL",2014,91,NA
"2407","POL",2015,209,NA
"2408","POL",2016,400,NA
"2409","POL",2017,352,NA
"2410","POL",2018,303,NA
"2411","POL",2019,234,NA
"2412","PRI",2012,40,NA
"2413","PRI",2013,33,NA
"2414","PRI",2014,47,NA
"2415","PRI",2015,17,NA
"2416","PRI",2016,49,NA
"2417","PRI",2017,76,NA
"2418","PRI",2018,49,NA
"2419","PRI",2019,344,NA
"2420","PRK",2012,57,NA
"2421","PRK",2013,84,NA
"2422","PRK",2014,81,NA
"2423","PRK",2015,88,NA
"2424","PRK",2016,282,NA
"2425","PRK",2017,526,NA
"2426","PRK",2018,249,NA
"2427","PRK",2019,114,NA
"2428","PRT",2012,136,NA
"2429","PRT",2013,103,NA
"2430","PRT",2014,65,NA
"2431","PRT",2015,65,NA
"2432","PRT",2016,53,NA
"2433","PRT",2017,53,NA
"2434","PRT",2018,78,NA
"2435","PRT",2019,70,NA
"2436","PRY",2012,20,NA
"2437","PRY",2013,10,NA
"2438","PRY",2014,20,NA
"2439","PRY",2015,21,NA
"2440","PRY",2016,16,NA
"2441","PRY",2017,15,NA
"2442","PRY",2018,14,NA
"2443","PRY",2019,589,NA
"2444","PSE",2012,443,NA
"2445","PSE",2013,293,NA
"2446","PSE",2014,400,NA
"2447","PSE",2015,395,NA
"2448","PSE",2016,1238,NA
"2449","PSE",2017,1807,NA
"2450","PSE",2018,2092,NA
"2451","PSE",2019,2115,NA
"2452","PYF",2015,3,NA
"2453","PYF",2017,2,NA
"2454","PYF",2018,1,NA
"2455","QAT",2004,1,NA
"2456","QAT",2012,50,NA
"2457","QAT",2013,62,NA
"2458","QAT",2014,116,NA
"2459","QAT",2015,86,NA
"2460","QAT",2016,81,NA
"2461","QAT",2017,104,NA
"2462","QAT",2018,93,NA
"2463","QAT",2019,57,NA
"2464","REU",2012,1,NA
"2465","REU",2015,19,NA
"2466","REU",2016,2,NA
"2467","REU",2017,2,NA
"2468","REU",2018,4,NA
"2469","REU",2019,5,NA
"2470","ROU",1989,16,NA
"2471","ROU",2018,782,NA
"2472","ROU",2019,696,NA
"2473","ROU",2012,137,NA
"2474","ROU",2013,222,NA
"2475","ROU",2014,109,NA
"2476","ROU",2015,146,NA
"2477","ROU",2016,149,NA
"2478","ROU",2017,369,NA
"2479","RUS",1989,6,NA
"2480","RUS",1990,28,NA
"2481","RUS",1991,56,NA
"2482","RUS",1992,1,NA
"2483","RUS",1993,12,NA
"2484","RUS",1994,31,NA
"2485","RUS",1995,205,NA
"2486","RUS",1996,147,NA
"2487","RUS",1997,5,NA
"2488","RUS",1998,3,NA
"2489","RUS",1999,67,NA
"2490","RUS",2000,176,NA
"2491","RUS",2001,159,NA
"2492","RUS",2002,388,NA
"2493","RUS",2003,73,NA
"2494","RUS",2004,253,NA
"2495","RUS",2005,247,NA
"2496","RUS",2006,152,NA
"2497","RUS",2007,145,NA
"2498","RUS",2008,192,NA
"2499","RUS",2009,315,NA
"2500","RUS",2010,245,NA
"2501","RUS",2011,241,NA
"2502","RUS",2012,2213,NA
"2503","RUS",2013,2460,NA
"2504","RUS",2014,2539,NA
"2505","RUS",2015,2023,NA
"2506","RUS",2016,2284,NA
"2507","RUS",2017,2585,NA
"2508","RUS",2018,3942,NA
"2509","RUS",2019,3845,NA
"2510","RWA",1990,36,NA
"2511","RWA",1991,38,NA
"2512","RWA",1992,32,NA
"2513","RWA",1993,35,NA
"2514","RWA",1994,1580,NA
"2515","RWA",1995,5,NA
"2516","RWA",1996,38,NA
"2517","RWA",1997,191,NA
"2518","RWA",1998,202,NA
"2519","RWA",1999,14,NA
"2520","RWA",2000,18,NA
"2521","RWA",2001,49,NA
"2522","RWA",2002,4,NA
"2523","RWA",2003,3,NA
"2524","RWA",2004,3,NA
"2525","RWA",2005,3,NA
"2526","RWA",2006,9,NA
"2527","RWA",2007,20,NA
"2528","RWA",2008,12,NA
"2529","RWA",2009,17,NA
"2530","RWA",2010,51,NA
"2531","RWA",2011,40,NA
"2532","RWA",2012,77,NA
"2533","RWA",2013,45,NA
"2534","RWA",2014,48,NA
"2535","RWA",2015,123,NA
"2536","RWA",2016,113,NA
"2537","RWA",2017,74,NA
"2538","RWA",2018,123,NA
"2539","RWA",2019,40,NA
"2540","ZAF",1989,221,NA
"2541","ZAF",1990,562,NA
"2542","ZAF",1991,448,NA
"2543","ZAF",1992,572,NA
"2544","ZAF",1993,578,NA
"2545","ZAF",1994,260,NA
"2546","ZAF",1995,39,NA
"2547","ZAF",1996,37,NA
"2548","ZAF",1997,97,NA
"2549","ZAF",1998,106,NA
"2550","ZAF",1999,81,NA
"2551","ZAF",2000,91,NA
"2552","ZAF",2002,111,NA
"2553","ZAF",2004,90,NA
"2554","ZAF",2010,300,NA
"2555","ZAF",2016,3827,NA
"2556","ZAF",2019,3260,NA
"2557","SLV",1989,59,NA
"2558","SLV",1990,45,NA
"2559","SLV",1991,10,NA
"2560","SLV",1992,1,NA
"2561","SAU",1991,4,NA
"2562","SAU",2003,2,NA
"2563","SAU",2004,41,NA
"2564","SAU",2005,17,NA
"2565","SAU",2006,3,NA
"2566","SAU",2007,2,NA
"2567","SAU",2012,663,NA
"2568","SAU",2013,404,NA
"2569","SAU",2014,266,NA
"2570","SAU",2015,1199,NA
"2571","SAU",2016,1928,NA
"2572","SAU",2017,1259,NA
"2573","SAU",2018,1635,NA
"2574","SAU",2019,699,NA
"2575","SDN",1997,337,NA
"2576","SDN",1998,380,NA
"2577","SDN",1999,273,NA
"2578","SDN",2000,301,NA
"2579","SDN",2001,296,NA
"2580","SDN",2002,391,NA
"2581","SDN",2003,314,NA
"2582","SDN",2004,768,NA
"2583","SDN",2005,411,NA
"2584","SDN",2006,308,NA
"2585","SDN",2007,202,NA
"2586","SDN",2008,392,NA
"2587","SDN",2009,462,NA
"2588","SDN",2010,365,NA
"2589","SDN",2011,482,NA
"2590","SDN",2012,1331,NA
"2591","SDN",2013,1385,NA
"2592","SDN",2014,1745,NA
"2593","SDN",2015,1992,NA
"2594","SDN",2016,2040,NA
"2595","SDN",2017,1089,NA
"2596","SDN",2018,1203,NA
"2597","SDN",2019,3770,NA
"2598","SEN",1989,11,NA
"2599","SEN",1990,14,NA
"2600","SEN",1991,7,NA
"2601","SEN",1992,16,NA
"2602","SEN",1993,30,NA
"2603","SEN",1995,39,NA
"2604","SEN",1996,2,NA
"2605","SEN",1997,83,NA
"2606","SEN",1998,65,NA
"2607","SEN",1999,42,NA
"2608","SEN",2000,108,NA
"2609","SEN",2001,71,NA
"2610","SEN",2002,55,NA
"2611","SEN",2003,23,NA
"2612","SEN",2004,11,NA
"2613","SEN",2005,13,NA
"2614","SEN",2006,31,NA
"2615","SEN",2007,24,NA
"2616","SEN",2008,23,NA
"2617","SEN",2009,32,NA
"2618","SEN",2010,32,NA
"2619","SEN",2011,43,NA
"2620","SEN",2012,166,NA
"2621","SEN",2013,79,NA
"2622","SEN",2014,145,NA
"2623","SEN",2015,132,NA
"2624","SEN",2016,93,NA
"2625","SEN",2017,88,NA
"2626","SEN",2018,121,NA
"2627","SEN",2019,100,NA
"2628","SGP",2012,31,NA
"2629","SGP",2013,52,NA
"2630","SGP",2014,76,NA
"2631","SGP",2015,128,NA
"2632","SGP",2016,186,NA
"2633","SGP",2017,106,NA
"2634","SGP",2018,146,NA
"2635","SGP",2019,106,NA
"2636","SHN",2012,3,NA
"2637","SLE",1991,128,NA
"2638","SLE",1992,64,NA
"2639","SLE",1993,68,NA
"2640","SLE",1994,164,NA
"2641","SLE",1995,197,NA
"2642","SLE",1996,100,NA
"2643","SLE",1997,654,NA
"2644","SLE",1998,1181,NA
"2645","SLE",1999,658,NA
"2646","SLE",2000,298,NA
"2647","SLE",2001,77,NA
"2648","SLE",2002,5,NA
"2649","SJM",2016,1,NA
"2650","SJM",2018,7,NA
"2651","SLB",2012,1,NA
"2652","SLB",2014,1,NA
"2653","SLB",2015,1,NA
"2654","SLB",2016,3,NA
"2655","SLB",2017,3,NA
"2656","SLB",2018,2,NA
"2657","SLB",2019,10,NA
"2658","SLE",2003,16,NA
"2659","SLE",2004,14,NA
"2660","SLE",2005,5,NA
"2661","SLE",2006,1,NA
"2662","SLE",2007,6,NA
"2663","SLE",2008,14,NA
"2664","SLE",2009,25,NA
"2665","SLE",2010,11,NA
"2666","SLE",2011,8,NA
"2667","SLE",2012,35,NA
"2668","SLE",2013,19,NA
"2669","SLE",2014,50,NA
"2670","SLE",2015,62,NA
"2671","SLE",2016,50,NA
"2672","SLE",2017,62,NA
"2673","SLE",2018,134,NA
"2674","SLE",2019,51,NA
"2675","SLV",2012,7,NA
"2676","SLV",2013,4,NA
"2677","SLV",2014,28,NA
"2678","SLV",2015,26,NA
"2679","SLV",2016,13,NA
"2680","SLV",2017,19,NA
"2681","SLV",2018,27,NA
"2682","SLV",2019,825,NA
"2683","SMR",2017,2,NA
"2684","SLB",1992,1,NA
"2685","SOM",1989,33,NA
"2686","SOM",1990,52,NA
"2687","SOM",1991,19,NA
"2688","SOM",1992,18,NA
"2689","SOM",1993,20,NA
"2690","SOM",1994,37,NA
"2691","SOM",1995,69,NA
"2692","SOM",1996,92,NA
"2693","SOM",1997,57,NA
"2694","SOM",1998,44,NA
"2695","SOM",1999,118,NA
"2696","SOM",2000,117,NA
"2697","SOM",2001,91,NA
"2698","SOM",2002,169,NA
"2699","SOM",2003,433,NA
"2700","SOM",2004,388,NA
"2701","SOM",2005,427,NA
"2702","SOM",2006,554,NA
"2703","SOM",2007,1634,NA
"2704","SOM",2008,1713,NA
"2705","SOM",2009,835,NA
"2706","SOM",2010,1482,NA
"2707","SOM",2011,1439,NA
"2708","SOM",2012,2523,NA
"2709","SOM",2013,3514,NA
"2710","SOM",2014,3366,NA
"2711","SOM",2015,2737,NA
"2712","SOM",2016,3059,NA
"2713","SOM",2017,3239,NA
"2714","SOM",2018,3245,NA
"2715","SOM",2019,2897,NA
"2716","ESP",1989,12,NA
"2717","ESP",1990,10,NA
"2718","ESP",1991,22,NA
"2719","ESP",1992,15,NA
"2720","ESP",1993,6,NA
"2721","ESP",1994,9,NA
"2722","ESP",1995,10,NA
"2723","ESP",1996,4,NA
"2724","ESP",1997,11,NA
"2725","ESP",1998,6,NA
"2726","ESP",2000,15,NA
"2727","ESP",2001,12,NA
"2728","ESP",2002,4,NA
"2729","ESP",2003,2,NA
"2730","ESP",2004,1,NA
"2731","ESP",2008,2,NA
"2732","ESP",2009,2,NA
"2733","ESP",2011,1,NA
"2734","SRB",2012,27,NA
"2735","SRB",2013,30,NA
"2736","SRB",2014,38,NA
"2737","SRB",2015,106,NA
"2738","SRB",2016,93,NA
"2739","SRB",2017,68,NA
"2740","SRB",2018,299,NA
"2741","SRB",2019,1195,NA
"2742","LKA",1989,192,NA
"2743","LKA",1990,244,NA
"2744","LKA",1991,316,NA
"2745","LKA",1992,180,NA
"2746","LKA",1993,111,NA
"2747","LKA",1994,80,NA
"2748","LKA",1995,252,NA
"2749","LKA",1996,120,NA
"2750","LKA",1997,135,NA
"2751","LKA",1998,179,NA
"2752","LKA",1999,184,NA
"2753","LKA",2000,177,NA
"2754","LKA",2001,136,NA
"2755","LKA",2002,5,NA
"2756","LKA",2003,23,NA
"2757","LKA",2004,36,NA
"2758","LKA",2005,83,NA
"2759","LKA",2006,229,NA
"2760","LKA",2007,488,NA
"2761","LKA",2008,1016,NA
"2762","LKA",2009,387,NA
"2763","SSD",2011,85,NA
"2764","SSD",2012,270,NA
"2765","SSD",2013,489,NA
"2766","SSD",2014,1042,NA
"2767","SSD",2015,942,NA
"2768","SSD",2016,997,NA
"2769","SSD",2017,1236,NA
"2770","SSD",2018,967,NA
"2771","SSD",2019,604,NA
"2772","STP",2013,1,NA
"2773","STP",2016,3,NA
"2774","STP",2018,1,NA
"2775","SDN",1989,32,NA
"2776","SDN",1990,63,NA
"2777","SDN",1991,30,NA
"2778","SDN",1992,57,NA
"2779","SDN",1993,78,NA
"2780","SDN",1994,18,NA
"2781","SDN",1995,43,NA
"2782","SDN",1996,54,NA
"2783","SUR",2014,4,NA
"2784","SUR",2017,3,NA
"2785","SUR",2018,5,NA
"2786","SUR",2019,14,NA
"2787","SVK",2012,18,NA
"2788","SVK",2013,7,NA
"2789","SVK",2014,19,NA
"2790","SVK",2015,17,NA
"2791","SVK",2016,16,NA
"2792","SVK",2017,27,NA
"2793","SVK",2018,119,NA
"2794","SVK",2019,44,NA
"2795","SVN",2012,28,NA
"2796","SVN",2013,13,NA
"2797","SVN",2014,9,NA
"2798","SVN",2015,33,NA
"2799","SVN",2016,17,NA
"2800","SVN",2017,7,NA
"2801","SVN",2018,16,NA
"2802","SVN",2019,8,NA
"2803","SWZ",1989,2,NA
"2804","SWE",2017,169,NA
"2805","SWE",2012,55,NA
"2806","SWE",2013,93,NA
"2807","SWE",2014,100,NA
"2808","SWE",2015,169,NA
"2809","SWE",2016,144,NA
"2810","SWE",2018,249,NA
"2811","SWE",2019,755,NA
"2812","SWZ",1997,5,NA
"2813","SWZ",1998,4,NA
"2814","SWZ",1999,2,NA
"2815","SWZ",2000,6,NA
"2816","SWZ",2001,2,NA
"2817","SWZ",2002,4,NA
"2818","SWZ",2003,9,NA
"2819","SWZ",2004,2,NA
"2820","SWZ",2005,4,NA
"2821","SWZ",2006,4,NA
"2822","SWZ",2007,3,NA
"2823","SWZ",2008,10,NA
"2824","SWZ",2009,1,NA
"2825","SWZ",2010,7,NA
"2826","SWZ",2011,11,NA
"2827","SWZ",2012,62,NA
"2828","SWZ",2013,23,NA
"2829","SWZ",2014,19,NA
"2830","SWZ",2015,14,NA
"2831","SWZ",2016,19,NA
"2832","SWZ",2017,16,NA
"2833","SWZ",2018,23,NA
"2834","SWZ",2019,38,NA
"2835","SXM",2019,1,NA
"2836","SYC",2012,24,NA
"2837","SYC",2014,3,NA
"2838","SYC",2015,2,NA
"2839","SYC",2016,4,NA
"2840","SYC",2017,5,NA
"2841","SYC",2018,9,NA
"2842","SYC",2019,3,NA
"2843","SYR",2004,6,NA
"2844","SYR",2008,2,NA
"2845","SYR",2011,1900,NA
"2846","SYR",2012,21245,NA
"2847","SYR",2013,26445,NA
"2848","SYR",2014,28412,NA
"2849","SYR",2015,17408,NA
"2850","SYR",2016,14396,NA
"2851","SYR",2017,43304,NA
"2852","SYR",2018,25824,NA
"2853","SYR",2019,23602,NA
"2854","TJK",1992,38,NA
"2855","TJK",1993,34,NA
"2856","TJK",1994,31,NA
"2857","TJK",1995,46,NA
"2858","TJK",1996,66,NA
"2859","TJK",1997,10,NA
"2860","TJK",1998,19,NA
"2861","TJK",1999,3,NA
"2862","TJK",2000,2,NA
"2863","TJK",2005,1,NA
"2864","TJK",2006,4,NA
"2865","TJK",2009,7,NA
"2866","TJK",2010,21,NA
"2867","TJK",2011,5,NA
"2868","TJK",2013,23,NA
"2869","TJK",2018,36,NA
"2870","TZA",1992,1,NA
"2871","TZA",1996,1,NA
"2872","TZA",1997,6,NA
"2873","TZA",1999,8,NA
"2874","TZA",2001,40,NA
"2875","TZA",2007,7,NA
"2876","TZA",2017,140,NA
"2877","TZA",2018,77,NA
"2878","TZA",2019,59,NA
"2879","TCA",2019,2,NA
"2880","TCD",2011,6,NA
"2881","TCD",2012,14,NA
"2882","TCD",2013,22,NA
"2883","TGO",1997,9,NA
"2884","TGO",1998,17,NA
"2885","TGO",1999,3,NA
"2886","TGO",2000,3,NA
"2887","TGO",2001,4,NA
"2888","TGO",2002,3,NA
"2889","TGO",2003,4,NA
"2890","TGO",2004,3,NA
"2891","TGO",2005,118,NA
"2892","TGO",2006,1,NA
"2893","TGO",2007,1,NA
"2894","TGO",2008,1,NA
"2895","TGO",2009,4,NA
"2896","TGO",2010,18,NA
"2897","TGO",2011,13,NA
"2898","TGO",2012,38,NA
"2899","TGO",2013,51,NA
"2900","TGO",2014,21,NA
"2901","TGO",2015,31,NA
"2902","TGO",2016,13,NA
"2903","TGO",2017,198,NA
"2904","TGO",2018,99,NA
"2905","TGO",2019,40,NA
"2906","THA",2010,1156,NA
"2907","THA",2011,994,NA
"2908","THA",2012,1058,NA
"2909","THA",2013,1685,NA
"2910","THA",2014,1639,NA
"2911","THA",2015,913,NA
"2912","THA",2016,888,NA
"2913","THA",2017,559,NA
"2914","THA",2018,754,NA
"2915","THA",2019,752,NA
"2916","THA",1989,5,NA
"2917","THA",1990,4,NA
"2918","THA",1991,1,NA
"2919","THA",1992,1,NA
"2920","THA",1993,2,NA
"2921","THA",1994,1,NA
"2922","THA",1995,7,NA
"2923","THA",1996,1,NA
"2924","THA",1997,3,NA
"2925","THA",1998,4,NA
"2926","THA",1999,1,NA
"2927","THA",2000,1,NA
"2928","THA",2001,3,NA
"2929","THA",2002,1,NA
"2930","THA",2003,16,NA
"2931","THA",2004,126,NA
"2932","THA",2005,434,NA
"2933","THA",2006,445,NA
"2934","THA",2007,367,NA
"2935","THA",2008,224,NA
"2936","THA",2009,169,NA
"2937","TJK",2012,19,NA
"2938","TJK",2014,32,NA
"2939","TJK",2015,33,NA
"2940","TJK",2016,26,NA
"2941","TJK",2017,20,NA
"2942","TJK",2019,36,NA
"2943","TKL",2019,2,NA
"2944","TKM",2012,10,NA
"2945","TKM",2013,4,NA
"2946","TKM",2014,10,NA
"2947","TKM",2015,18,NA
"2948","TKM",2016,23,NA
"2949","TKM",2017,17,NA
"2950","TKM",2018,18,NA
"2951","TKM",2019,17,NA
"2952","TLS",2012,11,NA
"2953","TLS",2013,7,NA
"2954","TLS",2015,3,NA
"2955","TLS",2016,13,NA
"2956","TLS",2017,6,NA
"2957","TLS",2018,7,NA
"2958","TLS",2019,7,NA
"2959","TGO",1991,4,NA
"2960","TGO",1992,2,NA
"2961","TGO",1993,3,NA
"2962","TON",2012,2,NA
"2963","TON",2013,1,NA
"2964","TON",2014,2,NA
"2965","TON",2015,2,NA
"2966","TON",2016,1,NA
"2967","TON",2017,1,NA
"2968","TON",2019,2,NA
"2969","TTO",1990,3,NA
"2970","TTO",2012,23,NA
"2971","TTO",2013,23,NA
"2972","TTO",2014,80,NA
"2973","TTO",2015,45,NA
"2974","TTO",2016,47,NA
"2975","TTO",2017,58,NA
"2976","TTO",2018,30,NA
"2977","TTO",2019,182,NA
"2978","TUN",1998,2,NA
"2979","TUN",1999,3,NA
"2980","TUN",2000,5,NA
"2981","TUN",2001,3,NA
"2982","TUN",2002,4,NA
"2983","TUN",2003,3,NA
"2984","TUN",2004,5,NA
"2985","TUN",2005,2,NA
"2986","TUN",2006,1,NA
"2987","TUN",2007,1,NA
"2988","TUN",2008,29,NA
"2989","TUN",2009,1,NA
"2990","TUN",2010,28,NA
"2991","TUN",2011,578,NA
"2992","TUN",2012,1005,NA
"2993","TUN",2013,950,NA
"2994","TUN",2014,453,NA
"2995","TUN",2015,716,NA
"2996","TUN",2016,1053,NA
"2997","TUN",2017,949,NA
"2998","TUN",2018,1002,NA
"2999","TUN",2019,1645,NA
"3000","TUR",1989,63,NA
"3001","TUR",1990,69,NA
"3002","TUR",1991,134,NA
"3003","TUR",1992,329,NA
"3004","TUR",1993,482,NA
"3005","TUR",1994,613,NA
"3006","TUR",1995,524,NA
"3007","TUR",1996,335,NA
"3008","TUR",1997,271,NA
"3009","TUR",1998,236,NA
"3010","TUR",1999,251,NA
"3011","TUR",2000,25,NA
"3012","TUR",2001,24,NA
"3013","TUR",2002,16,NA
"3014","TUR",2003,31,NA
"3015","TUR",2004,118,NA
"3016","TUR",2005,175,NA
"3017","TUR",2006,92,NA
"3018","TUR",2007,132,NA
"3019","TUR",2008,110,NA
"3020","TUR",2009,44,NA
"3021","TUR",2010,64,NA
"3022","TUR",2011,121,NA
"3023","TUR",2012,835,NA
"3024","TUR",2013,1806,NA
"3025","TUR",2014,1768,NA
"3026","TUR",2015,2099,NA
"3027","TUR",2016,6237,NA
"3028","TUR",2017,3028,NA
"3029","TUR",2018,2828,NA
"3030","TUR",2019,3885,NA
"3031","TUV",2014,2,NA
"3032","TUV",2015,3,NA
"3033","TUV",2018,1,NA
"3034","TUV",2019,1,NA
"3035","TWN",2012,138,NA
"3036","TWN",2013,123,NA
"3037","TWN",2014,358,NA
"3038","TWN",2015,242,NA
"3039","TWN",2016,387,NA
"3040","TWN",2017,218,NA
"3041","TWN",2018,216,NA
"3042","TWN",2019,970,NA
"3043","TZA",1998,5,NA
"3044","TZA",2000,16,NA
"3045","TZA",2002,19,NA
"3046","TZA",2003,8,NA
"3047","TZA",2004,32,NA
"3048","TZA",2005,66,NA
"3049","TZA",2006,16,NA
"3050","TZA",2008,25,NA
"3051","TZA",2009,9,NA
"3052","TZA",2010,4,NA
"3053","TZA",2011,46,NA
"3054","TZA",2012,117,NA
"3055","TZA",2013,99,NA
"3056","TZA",2014,75,NA
"3057","TZA",2015,131,NA
"3058","TZA",2016,151,NA
"3059","ARE",2010,1,NA
"3060","UGA",1989,24,NA
"3061","UGA",1990,34,NA
"3062","UGA",1991,21,NA
"3063","UGA",1992,4,NA
"3064","UGA",1994,18,NA
"3065","UGA",1995,20,NA
"3066","UGA",1996,119,NA
"3067","UGA",1997,167,NA
"3068","UGA",1998,416,NA
"3069","UGA",1999,329,NA
"3070","UGA",2000,357,NA
"3071","UGA",2001,171,NA
"3072","UGA",2002,625,NA
"3073","UGA",2003,852,NA
"3074","UGA",2004,587,NA
"3075","UGA",2005,495,NA
"3076","UGA",2006,373,NA
"3077","UGA",2007,114,NA
"3078","UGA",2008,95,NA
"3079","UGA",2009,120,NA
"3080","UGA",2010,120,NA
"3081","UGA",2011,125,NA
"3082","UGA",2012,214,NA
"3083","UGA",2013,178,NA
"3084","UGA",2014,200,NA
"3085","UGA",2015,324,NA
"3086","UGA",2016,551,NA
"3087","UGA",2017,377,NA
"3088","UGA",2018,561,NA
"3089","UGA",2019,473,NA
"3090","GBR",1989,27,NA
"3091","GBR",1990,32,NA
"3092","GBR",1991,32,NA
"3093","GBR",1992,30,NA
"3094","GBR",1993,34,NA
"3095","GBR",1994,16,NA
"3096","GBR",1996,2,NA
"3097","GBR",1997,4,NA
"3098","GBR",1998,3,NA
"3099","GBR",2000,1,NA
"3100","GBR",2001,1,NA
"3101","GBR",2002,4,NA
"3102","GBR",2003,2,NA
"3103","GBR",2004,1,NA
"3104","GBR",2005,2,NA
"3105","GBR",2006,1,NA
"3106","GBR",2009,2,NA
"3107","GBR",2011,1,NA
"3108","UKR",2012,255,NA
"3109","UKR",2013,516,NA
"3110","UKR",2014,2694,NA
"3111","UKR",2015,1040,NA
"3112","UKR",2016,815,NA
"3113","UKR",2017,605,NA
"3114","UKR",2018,15591,NA
"3115","UKR",2019,17165,NA
"3116","URY",2012,12,NA
"3117","URY",2013,11,NA
"3118","URY",2014,11,NA
"3119","URY",2015,39,NA
"3120","URY",2016,77,NA
"3121","URY",2017,22,NA
"3122","URY",2018,15,NA
"3123","URY",2019,61,NA
"3124","USA",2001,3,NA
"3125","USA",2012,13744,NA
"3126","USA",2013,11600,NA
"3127","USA",2014,18098,NA
"3128","USA",2015,22491,NA
"3129","USA",2016,33251,NA
"3130","USA",2017,27341,NA
"3131","USA",2018,25257,NA
"3132","USA",2019,20961,NA
"3133","UZB",1999,6,NA
"3134","UZB",2000,16,NA
"3135","UZB",2004,8,NA
"3136","UZB",2009,2,NA
"3137","UZB",2012,17,NA
"3138","UZB",2013,17,NA
"3139","UZB",2014,31,NA
"3140","UZB",2015,35,NA
"3141","UZB",2016,24,NA
"3142","UZB",2017,13,NA
"3143","UZB",2018,47,NA
"3144","UZB",2019,72,NA
"3145","VAT",2012,3,NA
"3146","VAT",2013,10,NA
"3147","VAT",2014,2,NA
"3148","VAT",2015,11,NA
"3149","VAT",2016,6,NA
"3150","VAT",2017,9,NA
"3151","VAT",2018,5,NA
"3152","VAT",2019,2,NA
"3153","VCT",2012,1,NA
"3154","VCT",2013,2,NA
"3155","VCT",2016,3,NA
"3156","VCT",2017,1,NA
"3157","VCT",2018,4,NA
"3158","VCT",2019,3,NA
"3159","VEN",1989,28,NA
"3160","VEN",1990,66,NA
"3161","VEN",1991,38,NA
"3162","VEN",1992,75,NA
"3163","VEN",1993,75,NA
"3164","VEN",1994,47,NA
"3165","VEN",1995,46,NA
"3166","VEN",1996,53,NA
"3167","VEN",1997,5,NA
"3168","VEN",1998,14,NA
"3169","VEN",1999,41,NA
"3170","VEN",2000,38,NA
"3171","VEN",2001,50,NA
"3172","VEN",2002,30,NA
"3173","VEN",2003,40,NA
"3174","VEN",2004,50,NA
"3175","VEN",2005,32,NA
"3176","VEN",2006,21,NA
"3177","VEN",2007,1,NA
"3178","VEN",2011,1,NA
"3179","VEN",2012,73,NA
"3180","VEN",2013,132,NA
"3181","VEN",2014,622,NA
"3182","VEN",2015,314,NA
"3183","VEN",2016,453,NA
"3184","VEN",2017,1138,NA
"3185","VEN",2018,236,NA
"3186","VEN",2019,4509,NA
"3187","VGB",2016,8,NA
"3188","VGB",2017,9,NA
"3189","VGB",2018,2,NA
"3190","VIR",2012,1,NA
"3191","VIR",2014,1,NA
"3192","VIR",2016,3,NA
"3193","VIR",2017,11,NA
"3194","VIR",2018,3,NA
"3195","VIR",2019,3,NA
"3196","VNM",2010,31,NA
"3197","VNM",2011,36,NA
"3198","VNM",2012,185,NA
"3199","VNM",2013,162,NA
"3200","VNM",2014,475,NA
"3201","VNM",2015,372,NA
"3202","VNM",2016,591,NA
"3203","VNM",2017,432,NA
"3204","VNM",2018,548,NA
"3205","VNM",2019,325,NA
"3206","VUT",2012,1,NA
"3207","VUT",2015,9,NA
"3208","VUT",2016,1,NA
"3209","VUT",2017,2,NA
"3210","VUT",2018,6,NA
"3211","VUT",2019,2,NA
"3212","WSM",2012,1,NA
"3213","WSM",2014,3,NA
"3214","WSM",2015,6,NA
"3215","WSM",2016,2,NA
"3216","WSM",2017,14,NA
"3217","WSM",2018,9,NA
"3218","WSM",2019,4,NA
"3219","XKX",2018,133,NA
"3220","XKX",2019,131,NA
"3221",NA,1994,72,NA
"3222",NA,2003,1,NA
"3223",NA,2004,1,NA
"3224",NA,2008,2,NA
"3225",NA,2009,5,NA
"3226",NA,2010,63,NA
"3227",NA,2011,213,NA
"3228",NA,2012,249,NA
"3229",NA,2013,126,NA
"3230",NA,2014,271,NA
"3231",NA,2015,484,NA
"3232",NA,2016,312,NA
"3233",NA,2017,320,NA
"3234",NA,2018,334,NA
"3235",NA,2019,176,NA
"3236","YEM",2012,605,NA
"3237","YEM",2013,198,NA
"3238","YEM",2014,422,NA
"3239","YEM",2015,8464,NA
"3240","YEM",2016,9171,NA
"3241","YEM",2017,8585,NA
"3242","YEM",2018,11426,NA
"3243","YEM",2019,11067,NA
"3244",NA,1991,500,NA
"3245",NA,1992,178,NA
"3246",NA,1995,4,NA
"3247",NA,1996,6,NA
"3248",NA,1997,10,NA
"3249",NA,1998,442,NA
"3250",NA,1999,682,NA
"3251",NA,2001,2,NA
"3252","ZAF",2001,101,NA
"3253","ZAF",2003,92,NA
"3254","ZAF",2005,93,NA
"3255","ZAF",2006,46,NA
"3256","ZAF",2007,186,NA
"3257","ZAF",2008,234,NA
"3258","ZAF",2009,363,NA
"3259","ZAF",2011,294,NA
"3260","ZAF",2012,1615,NA
"3261","ZAF",2013,1653,NA
"3262","ZAF",2014,1880,NA
"3263","ZAF",2015,3464,NA
"3264","ZAF",2017,3125,NA
"3265","ZAF",2018,2630,NA
"3266","ZMB",1989,2,NA
"3267","ZMB",1990,6,NA
"3268","ZMB",1993,1,NA
"3269","ZMB",2000,19,NA
"3270","ZMB",2001,20,NA
"3271","ZWE",1989,2,NA
"3272","ZWE",1990,3,NA
"3273","ZWE",1995,2,NA
"3274","ZWE",1998,86,NA
"3275","ZWE",1999,43,NA
"3276","ZWE",2001,311,NA
"3277","ZWE",2003,339,NA
"3278","ZWE",2007,211,NA
"3279","ZWE",2008,777,NA
"3280","ZWE",2009,183,NA
"3281","ZWE",2011,226,NA
"3282","ZWE",2012,283,NA
"3283","ZWE",2018,785,NA
"3284","ZWE",2019,741,NA
"3285","ZMB",1997,12,NA
"3286","ZMB",1998,14,NA
"3287","ZMB",1999,11,NA
"3288","ZMB",2002,4,NA
"3289","ZMB",2003,34,NA
"3290","ZMB",2004,31,NA
"3291","ZMB",2005,61,NA
"3292","ZMB",2006,75,NA
"3293","ZMB",2007,127,NA
"3294","ZMB",2008,22,NA
"3295","ZMB",2009,47,NA
"3296","ZMB",2010,17,NA
"3297","ZMB",2011,33,NA
"3298","ZMB",2012,111,NA
"3299","ZMB",2013,142,NA
"3300","ZMB",2014,175,NA
"3301","ZMB",2015,177,NA
"3302","ZMB",2016,238,NA
"3303","ZMB",2017,95,NA
"3304","ZMB",2018,126,NA
"3305","ZMB",2019,97,NA
"3306","ZWE",1997,21,NA
"3307","ZWE",2000,286,NA
"3308","ZWE",2002,700,NA
"3309","ZWE",2004,324,NA
"3310","ZWE",2005,271,NA
"3311","ZWE",2006,121,NA
"3312","ZWE",2010,151,NA
"3313","ZWE",2013,229,NA
"3314","ZWE",2014,343,NA
"3315","ZWE",2015,656,NA
"3316","ZWE",2016,1329,NA
"3317","ZWE",2017,827,NA
